name,symbol,atomic_mass,boiling_point,conductivity/thermal,critical_pressure,critical_temperature,crystal_structure,density/stp,electron_affinity,electronegativity_pauling,electrons_per_shell/0,energy_levels,heat/specific,heat/vaporization,heat/fusion,heat/molar,ionization_energies/0,melting_point,molar_volume,neutron_cross_section,neutron_mass_absorption,period,phase,radius/calculated,radius/empirical,radius/covalent,radius/vanderwaals,refractive_index,valence_electrons,ionization_energies/1,conductivity/electric,density/liquid,electrical_type,electrons_per_shell/1,hardness/mohs,ionization_energies/2,modulus/bulk,modulus/shear,modulus/young,resistivity,thermal_expansion
Hydrogen,H,1.008,20.271,0.1805,1.293,32.97,Simple Hexagonal,0.0899,72.769,2.2,1,1,14300,0.452,0.558,28.836,1312,13.99,0.01121,0.332,0.011,1,Gas,53,25,37,120,1.000132,1,,,,,,,,,,,,
Helium,He,4.0026022,4.222,0.1513,0.227,5.19,Face-centered Cubic,0.1785,-48,,2,2,5193.1,0.083,0.02,,2372.3,0.95,0.022424,0.007,0.00001,1,Gas,31,,32,140,1.000035,0,5250.5,,,,,,,,,,,
Lithium,Li,6.94,1603,85,67,3223,Body-centered Cubic,535,59.6326,0.98,2,"2, 1",3570,147,3,24.86,520.2,453.65,0.00001297,71,,2,Solid,167,145,134,182,,1,7298.1,11,512,Conductor,1,0.6,11815,11,4.2,4.9,9.40E-08,0.000046
Beryllium,Be,9.01218315,2742,190,,,Simple Hexagonal,1848,-48,1.57,2,"2, 2",1820,297,7.95,16.443,899.5,1560,4.88E-06,0.0092,0.00003,2,Solid,112,105,90,,,2,1757.1,25,1690,Conductor,2,5.5,14848.7,130,132,287,4.00E-08,0.0000113
Boron,B,10.81,4200,27,,,Simple Trigonal,2460,26.989,2.04,2,"2, 3",1030,507,50,11.087,800.6,2349,4.39E-06,760,2.4,2,Solid,87,85,82,,,3,2427.1,1.00E-10,2080,Insulator,3,9.3,3659.7,320,,,10000,0.000006
Carbon,C,12.011,4300,140,,,Simple Hexagonal,2260,121.7763,2.55,2,"2, 4",710,715,105,8.517,1086.5,3823,5.31E-06,0.0035,0.000015,2,Solid,67,70,77,170,2.417,4,2352.6,0.1,,Conductor,4,0.5,4620.5,33,,,0.00001,0.0000071
Nitrogen,N,14.007,77.355,0.02583,3.39,126.21,Simple Hexagonal,1.251,-6.8,3.04,2,"2, 5",1040,2.79,0.36,,1402.3,63.15,0.011197,1.91,0.0048,2,Gas,56,65,75,155,1.000298,3,2856,,,,5,,4578.1,,,,,
Oxygen,O,15.999,90.188,0.02658,5.043,154.59,Base-centered Monoclinic,1.429,140.976,3.44,2,"2, 6",919,3.41,0.222,,1313.9,54.36,0.011196,0.00028,0.000001,2,Gas,48,60,73,152,1.000271,2,3388.3,,,,6,,5300.5,,,,,
Fluorine,F,18.99840316,85.03,0.0277,5.172,144.13,Base-centered Monoclinic,1.696,328.1649,3.98,2,"2, 7",824,3.27,0.26,,1681,53.48,0.011202,0.0096,0.00002,2,Gas,42,50,71,147,1.000195,1,3374.2,,,,7,,6050.4,,,,,
Neon,Ne,20.17976,27.104,0.0491,2.76,44.4,Face-centered Cubic,0.9,-116,,2,"2, 8",1030,1.75,0.34,,2080.7,24.56,0.02242,0.04,0.00059,2,Gas,38,,69,154,1.000067,0,3952.3,,,,8,,6122,,,,,
Sodium,Na,22.98976928,1156.09,140,35,2573,Body-centered Cubic,968,52.867,0.93,2,"2, 8, 1",1230,97.7,2.6,28.23,495.8,370.944,0.00002375,0.53,0.0007,3,Solid,190,180,154,227,,1,4562,21,927,Conductor,8,0.5,6910.3,6.3,3.3,10,4.70E-08,0.00007
Magnesium,Mg,24.305,1363,160,,,Simple Hexagonal,1738,-40,1.31,2,"2, 8, 2",1020,128,8.7,24.869,737.7,923,0.000013984,0.063,0.0001,3,Solid,145,150,130,173,,2,1450.7,23,1584,Conductor,8,2.5,7732.7,45,17,45,4.40E-08,0.0000248
Aluminium,Al,26.98153857,2743,235,,,Face-centered Cubic,2700,41.762,1.61,2,"2, 8, 3",904,293,10.7,24.2,577.5,933.47,0.00000999,0.233,0.03,3,Solid,118,125,118,,,3,1816.7,38,2375,Conductor,8,2.75,2744.8,76,26,70,2.60E-08,0.0000231
Silicon,Si,28.085,3538,150,,,Tetrahedral Packing,2330,134.0684,1.9,2,"2, 8, 4",710,359,50.2,19.789,786.5,1687,0.000012054,0.166,0.0002,3,Solid,111,110,111,210,,4,1577.1,0.001,2570,Semiconductor,8,6.5,3231.6,100,,47,0.001,0.0000026
Phosphorus,P,30.973762,553.6,0.236,,,Simple Triclinic,1823,72.037,2.19,2,"2, 8, 5",769.7,12.4,0.64,23.824,1011.8,317.3,0.000016991,0.18,0.0002,3,Solid,98,100,106,180,1.001212,5,1907,10,,Conductor,8,,2914.1,11,,,1.00E-07,
Sulfur,S,32.06,717.8,0.205,20.7,1314,Face-centered Orthorhombic,1960,200.4101,2.58,2,"2, 8, 6",705,9.8,1.73,22.75,999.6,388.36,0.000016357,0.52,0.00055,3,Solid,88,100,102,180,1.001111,6,2252,1.00E-21,1819,Insulator,8,2,3357,7.7,,,1.00E+15,
Chlorine,Cl,35.45,239.11,0.0089,7.991,416.9,Base Orthorhombic,3.214,348.575,3.16,2,"2, 8, 7",478.2,10.2,3.2,,1251.2,171.6,0.01103,35.3,0.033,3,Gas,79,100,99,175,1.000773,5,2298,1.00E-08,,Insulator,8,,3822,1.1,,,100,
Argon,Ar,39.9481,87.302,0.01772,4.898,150.87,Face-centered Cubic,1.784,-96,,2,"2, 8, 8",520.33,6.5,1.18,,1520.6,83.81,0.022392,0.66,0.00059,3,Gas,71,71,97,188,1.000281,0,2665.8,,,,8,,3931,,,,,
Potassium,K,39.09831,1032,100,16,2223,Body-centered Cubic,856,48.383,0.82,2,"2, 8, 8, 1",757,76.9,2.33,29.6,418.8,336.7,0.00004568,2.1,0.0018,4,Solid,243,220,196,275,,1,3052,14,828,Conductor,8,0.4,4420,3.1,1.3,,7.00E-08,
Calcium,Ca,40.0784,1757,200,,,Face-centered Cubic,1550,2.37,1,2,"2, 8, 8, 2",631,155,8.54,25.929,589.8,1115,0.000025857,0.43,0.00037,4,Solid,194,180,174,,,2,1145.4,29,1378,Conductor,8,1.75,4912.4,17,7.4,20,3.40E-08,0.0000223
Scandium,Sc,44.9559085,3109,16,,,Simple Hexagonal,2985,18,1.36,2,"2, 8, 9, 2",567,318,16,25.52,633.1,1814,0.000015061,27.2,0.025,4,Solid,184,160,144,,,3,1235,1.8,2800,Conductor,8,,2388.6,57,29,74,5.50E-07,0.0000102
Titanium,Ti,47.8671,3560,22,,,Simple Hexagonal,4507,7.289,1.54,2,"2, 8, 10, 2",520,425,18.7,25.06,658.8,1941,0.000010621,6.1,0.0044,4,Solid,176,140,136,,,4,1309.8,2.5,4110,Conductor,8,6,2652.5,110,44,116,4.00E-07,0.0000086
Vanadium,V,50.94151,3680,31,,,Body-centered Cubic,6110,50.911,1.63,2,"2, 8, 11, 2",489,453,22.8,24.89,650.9,2183,8.34E-06,5.06,0.0033,4,Solid,171,135,125,,,5,1414,5,5500,Conductor,8,7,2830,160,47,128,2.00E-07,0.0000084
Chromium,Cr,51.99616,2944,94,,,Body-centered Cubic,7190,65.21,1.66,2,"2, 8, 13, 1",448,339,20.5,23.35,652.9,2180,7.23E-06,3.1,0.0021,4,Solid,166,140,127,,,6,1590.6,7.9,6300,Conductor,8,8.5,2987,160,115,279,1.30E-07,0.0000049
Manganese,Mn,54.9380443,2334,7.8,,,Body-centered Cubic,7470,-50,1.55,2,"2, 8, 13, 2",479,220,13.2,26.32,717.3,1519,7.35E-06,13.3,0.0083,4,Solid,161,140,139,,,4,1509,0.62,5950,Conductor,8,6,3248,120,,198,0.0000016,0.0000217
Iron,Fe,55.8452,3134,80,,,Body-centered Cubic,7874,14.785,1.83,2,"2, 8, 14, 2",449,347,13.8,25.1,762.5,1811,7.09E-06,2.56,0.0015,4,Solid,156,140,125,,,3,1561.9,10,6980,Conductor,8,4,2957,170,82,211,9.70E-08,0.0000118
Cobalt,Co,58.9331944,3200,100,,,Simple Hexagonal,8900,63.898,1.88,2,"2, 8, 15, 2",421,375,16.2,24.81,760.4,1768,0.00000662,37.2,0.021,4,Solid,152,135,126,,,4,1648,17,7750,Conductor,8,5,3232,180,75,209,6.00E-08,0.000013
Nickel,Ni,58.69344,3003,91,,,Face-centered Cubic,8908,111.65,1.91,2,"2, 8, 16, 2",445,378,17.2,26.07,737.1,1728,6.59E-06,4.5,0.0026,4,Solid,149,135,121,163,,2,1753,14,7810,Conductor,8,4,3395,180,76,200,7.00E-08,0.0000134
Copper,Cu,63.5463,2835,400,,,Face-centered Cubic,8960,119.235,1.9,2,"2, 8, 18, 1",384.4,300,13.1,24.44,745.5,1357.77,7.09E-06,3.78,0.0021,4,Solid,145,135,138,140,,2,1957.9,59,8020,Conductor,8,3,3555,140,48,130,1.70E-08,0.0000165
Zinc,Zn,65.382,1180,120,,,Simple Hexagonal,7140,-58,1.65,2,"2, 8, 18, 2",388,119,7.35,25.47,906.4,692.68,0.000009157,1.1,0.00055,4,Solid,142,135,131,139,1.00205,2,1733.3,17,6570,Conductor,8,2.5,3833,70,43,108,5.90E-08,0.0000302
Gallium,Ga,69.7231,2673,29,,,Base Orthorhombic,5904,41,1.81,2,"2, 8, 18, 3",371,256,5.59,25.86,578.8,302.9146,0.000011809,2.9,0.0015,4,Solid,136,130,126,187,,3,1979.3,7.1,6095,Conductor,8,1.5,2963,,,,1.40E-07,0.00012
Germanium,Ge,72.6308,3106,60,,,Face-centered Cubic,5323,118.9352,2.01,2,"2, 8, 18, 4",321.4,334,31.8,23.222,762,1211.4,0.000013645,2.2,0.0011,4,Solid,125,125,122,,,4,1537.5,0.002,5600,Semiconductor,8,6,3302.1,,,,0.0005,0.000006
Arsenic,As,74.9215956,887,50,,,Simple Trigonal,5727,77.65,2.18,2,"2, 8, 18, 5",328,32.4,27.7,24.64,947,1090,0.000013082,4.2,0.002,4,Solid,114,115,119,185,1.001552,5,1798,3.3,5220,Conductor,8,3.5,2735,22,,8,3.00E-07,
Selenium,Se,78.9718,958,0.52,27.2,1766,Simple Monoclinic,4819,194.9587,2.55,2,"2, 8, 18, 6",321.2,26,5.4,25.363,941,494,0.000016387,11.7,0.0056,4,Solid,103,115,116,190,1.000895,6,2045,,3990,,8,2,2973.7,8.3,3.7,10,,
Bromine,Br,79.904,332,0.12,10.34,588,Base Orthorhombic,3120,324.537,2.96,2,"2, 8, 18, 7",947.3,14.8,5.8,,1139.9,265.8,0.00002561,6.8,0.002,4,Liquid,94,115,114,185,1.001132,5,2103,1.00E-16,3120,Insulator,8,,3470,1.9,,,10000000000,
Krypton,Kr,83.7982,119.93,0.00943,5.5,209.41,Face-centered Cubic,3.75,-96,3,2,"2, 8, 18, 8",248.05,9.02,1.64,,1350.8,115.78,0.02235,25,0.013,4,Gas,88,,110,202,1.000427,2,2350.4,,,,8,,3565,,,,,
Rubidium,Rb,85.46783,961,58,16,2093,Body-centered Cubic,1532,46.884,0.82,2,"2, 8, 18, 8, 1",364,72,2.19,31.06,403,312.45,0.000055788,0.38,0.0003,5,Solid,265,235,211,,,1,2633,8.3,1460,Conductor,8,0.3,3860,2.5,,2.4,1.20E-07,
Strontium,Sr,87.621,1650,35,,,Face-centered Cubic,2630,5.023,0.95,2,"2, 8, 18, 8, 2",300,137,8,26.4,549.5,1050,0.000033316,1.2,0.0005,5,Solid,219,200,192,,,2,1064.2,7.7,2375,Conductor,8,1.5,4138,,6.1,,1.30E-07,0.0000225
Yttrium,Y,88.905842,3203,17,,,Simple Hexagonal,4472,29.6,1.22,2,"2, 8, 18, 9, 2",298,380,11.4,26.53,600,1799,0.000019881,1.28,0.00059,5,Solid,212,180,162,,,3,1180,1.8,4240,Conductor,8,,1980,41,26,64,5.70E-07,0.0000106
Zirconium,Zr,91.2242,4650,23,,,Simple Hexagonal,6511,41.806,1.33,2,"2, 8, 18, 10, 2",278,580,21,25.36,640.1,2128,0.000014011,0.184,0.00066,5,Solid,206,155,148,,,4,1270,2.4,5800,Conductor,8,5,2218,,33,68,4.20E-07,0.0000057
Niobium,Nb,92.906372,5017,54,,,Body-centered Cubic,8570,88.516,1.6,2,"2, 8, 18, 12, 1",265,690,26.8,24.6,652.1,2750,0.000010841,1.15,0.0004,5,Solid,198,145,137,,,5,1380,6.7,,Conductor,8,6,2416,170,38,105,1.50E-07,0.0000073
Molybdenum,Mo,95.951,4912,139,,,Body-centered Cubic,10280,72.1,2.16,2,"2, 8, 18, 13, 1",251,600,36,24.06,684.3,2896,0.000009334,2.6,0.0009,5,Solid,190,145,145,,,6,1560,20,9330,Conductor,8,5.5,2618,230,120,329,5.00E-08,0.0000048
Technetium,Tc,98,4538,51,,,Simple Hexagonal,11500,53,1.9,2,"2, 8, 18, 13, 2",63,550,23,24.27,702,2430,8.43E-06,22,,5,Solid,183,135,156,,,6,1470,5,,Conductor,8,,2850,,,,2.00E-07,
Ruthenium,Ru,101.072,4423,120,,,Simple Hexagonal,12370,100.96,2.2,2,"2, 8, 18, 15, 1",238,580,25.7,24.06,710.2,2607,8.17E-06,2.6,0.0009,5,Solid,178,130,126,,,6,1620,14,10650,Conductor,8,6.5,2747,220,173,447,7.00E-08,0.0000064
Rhodium,Rh,102.905502,3968,150,,,Face-centered Cubic,12450,110.27,2.28,2,"2, 8, 18, 16, 1",240,495,21.7,24.98,719.7,2237,8.27E-06,145,0.063,5,Solid,173,135,135,,,6,1740,23,10700,Conductor,8,6,2997,380,150,275,4.30E-08,0.000008
Palladium,Pd,106.421,3236,72,,,Face-centered Cubic,12023,54.24,2.2,2,"2, 8, 18, 18",240,380,16.7,25.98,804.4,1828.05,8.85E-06,6.9,0.0023,5,Solid,169,140,131,163,,4,1870,10,10380,Conductor,8,4.75,3177,180,44,121,1.00E-07,0.0000118
Silver,Ag,107.86822,2435,430,,,Face-centered Cubic,10490,125.862,1.93,2,"2, 8, 18, 18, 1",235,255,11.3,25.35,731,1234.93,0.000010283,63.6,0.02,5,Solid,165,160,153,172,,1,2070,62,9320,Conductor,8,2.5,3361,100,30,83,1.60E-08,0.0000189
Cadmium,Cd,112.4144,1040,97,,,Simple Hexagonal,8650,-68,1.69,2,"2, 8, 18, 18, 2",230,100,6.3,26.02,867.8,594.22,0.000012996,2450,1.4,5,Solid,161,155,148,158,,2,1631.4,14,7996,Conductor,8,2,3616,42,19,50,7.00E-08,0.0000308
Indium,In,114.8181,2345,82,,,Centered Tetragonal,7310,37.043,1.78,2,"2, 8, 18, 18, 3",233,230,3.26,26.74,558.3,429.7485,0.000015707,194,0.06,5,Solid,156,155,144,193,,3,1820.7,12,7020,Conductor,8,1.2,2704,,,11,8.00E-08,0.0000321
Tin,Sn,118.7107,2875,67,,,Centered Tetragonal,7310,107.2984,1.96,2,"2, 8, 18, 18, 4",217,290,7,27.112,708.6,505.08,0.000016239,0.62,0.0002,5,Solid,145,145,141,217,,4,1411.8,9.1,6990,Conductor,8,1.5,2943,58,18,50,1.10E-07,0.000022
Antimony,Sb,121.7601,1908,24,,,Simple Trigonal,6697,101.059,2.05,2,"2, 8, 18, 18, 5",207,68,19.7,25.23,834,903.78,0.000018181,5.4,0.0016,5,Solid,133,145,138,,,5,1594.9,2.5,6530,Conductor,8,3,2440,42,20,55,4.00E-07,0.000011
Tellurium,Te,127.603,1261,3,,,Simple Trigonal,6240,190.161,2.1,2,"2, 8, 18, 18, 6",201,48,17.5,25.73,869.3,722.66,0.000020449,5.4,0.0013,5,Solid,123,140,135,206,1.000991,6,1790,0.01,5700,Semiconductor,8,2.25,2698,65,16,43,0.0001,
Iodine,I,126.904473,457.4,0.449,11.7,819,Base Orthorhombic,4940,295.1531,2.66,2,"2, 8, 18, 18, 7",429,20.9,7.76,,1008.4,386.85,0.000025689,6.3,0.0018,5,Solid,115,140,133,198,,7,1845.9,1.00E-13,,Insulator,8,,3180,7.7,,,10000000,
Xenon,Xe,131.2936,165.051,0.00565,5.841,289.77,Face-centered Cubic,5.9,-77,2.6,2,"2, 8, 18, 18, 8",158.32,12.64,2.3,,1170.4,161.4,0.0223,25,0.0083,5,Gas,108,,130,216,1.000702,6,2046.4,,,,8,,3099.4,,,,,
Cesium,Cs,132.905452,944,36,9.4,1938,Body-centered Cubic,1879,45.505,0.79,2,"2, 8, 18, 18, 8, 1",242,65,2.09,32.21,375.7,301.7,0.000070732,29,0.0077,6,Solid,298,260,225,,,1,2234.3,5,1843,Conductor,8,0.2,3400,1.6,,1.7,2.00E-07,
Barium,Ba,137.3277,2118,18,,,Body-centered Cubic,3510,13.954,0.89,2,"2, 8, 18, 18, 8, 2",205,140,8,28.07,502.9,1000,0.000039125,1.3,0.00027,6,Solid,253,215,198,,,2,965.2,2.9,3338,Conductor,8,1.25,3600,9.6,4.9,13,3.50E-07,0.0000206
Lanthanum,La,138.905477,3737,13,,,Simple Hexagonal,6146,53,1.1,2,"2, 8, 18, 18, 9, 2",195,400,6.2,27.11,538.1,1193,0.000022601,8.98,0.0023,6,Solid,,195,169,,,3,1067,1.6,5940,Conductor,8,2.5,1850.3,28,14,37,6.10E-07,0.0000121
Cerium,Ce,140.1161,3716,11,,,Simple Hexagonal,6689,55,1.12,2,"2, 8, 18, 19, 9, 2",192,350,5.5,26.94,534.4,1068,0.000020947,0.6,0.00021,6,Solid,,185,,,,4,1050,1.4,6550,Conductor,8,2.5,1949,22,14,34,7.50E-07,0.0000063
Praseodymium,Pr,140.907662,3403,13,,,Simple Hexagonal,6640,93,1.13,2,"2, 8, 18, 21, 8, 2",193,330,6.9,27.2,527,1208,0.000021221,11.4,0.0029,6,Solid,247,185,,,,4,1020,1.4,6500,Conductor,8,,2086,29,15,37,7.00E-07,0.0000067
Neodymium,Nd,144.2423,3347,17,,,Simple Hexagonal,7010,184.87,1.14,2,"2, 8, 18, 22, 8, 2",190,285,7.1,27.45,533.1,1297,0.000020577,49,0.011,6,Solid,206,185,,,,3,1040,1.6,6890,Conductor,8,,2130,32,16,41,6.40E-07,0.0000096
Promethium,Pm,145,3273,15,,,,7264,12.45,1.13,2,"2, 8, 18, 23, 8, 2",,290,7.7,,540,1315,2.00E-05,8400,,6,Solid,205,185,,,,3,1050,1.3,,Conductor,8,,2150,33,18,46,7.50E-07,0.000011
Samarium,Sm,150.362,2173,13,,,Simple Trigonal,7353,15.63,1.17,2,"2, 8, 18, 24, 8, 2",196,175,8.6,29.54,544.5,1345,0.000020449,5900,4.7,6,Solid,238,185,,,,3,1070,1.1,7160,Conductor,8,,2260,38,20,50,9.40E-07,0.0000127
Europium,Eu,151.9641,1802,14,,,Body-centered Cubic,5244,11.2,1.2,2,"2, 8, 18, 25, 8, 2",182,175,9.2,27.66,547.1,1099,0.000028979,4570,0.6,6,Solid,231,185,,,,3,1085,1.1,5130,Conductor,8,,2404,8.3,7.9,18,9.00E-07,0.000035
Gadolinium,Gd,157.253,3273,11,,,Simple Hexagonal,7901,13.22,1.2,2,"2, 8, 18, 25, 9, 2",240,305,10,37.03,593.4,1585,0.000019903,49000,7.3,6,Solid,233,180,,,,3,1170,0.77,7400,Conductor,8,,1990,38,22,55,0.0000013,0.0000094
Terbium,Tb,158.925352,3396,11,,,Simple Hexagonal,8219,112.4,1.1,2,"2, 8, 18, 27, 8, 2",182,295,10.8,28.91,565.8,1629,0.000019336,23,0.009,6,Solid,225,175,,,,3,1110,0.83,7650,Conductor,8,,2114,38.7,22,56,0.0000012,0.0000103
Dysprosium,Dy,162.5001,2840,11,,,Simple Hexagonal,8551,33.96,1.22,2,"2, 8, 18, 28, 8, 2",167,280,11.1,27.7,573,1680,0.000019004,950,0.2,6,Solid,228,175,,,,3,1130,1.1,8370,Conductor,8,,2200,41,25,61,9.10E-07,0.00001
Holmium,Ho,164.930332,2873,16,,,Simple Hexagonal,8795,32.61,1.23,2,"2, 8, 18, 29, 8, 2",165,265,17,27.15,581,1734,0.000018753,64,0.015,6,Solid,226,175,,,,3,1140,1.1,8340,Conductor,8,,2204,40,26,65,9.40E-07,0.0000112
Erbium,Er,167.2593,3141,15,,,Simple Hexagonal,9066,30.1,1.24,2,"2, 8, 18, 30, 8, 2",168,285,19.9,28.12,589.3,1802,0.000018449,165,0.036,6,Solid,226,175,,,,3,1150,1.2,8860,Conductor,8,,2194,44,28,70,8.60E-07,0.0000122
Thulium,Tm,168.934222,2223,17,,,Simple Hexagonal,9320,99,1.25,2,"2, 8, 18, 31, 8, 2",160,250,16.8,27.03,596.7,1818,0.000018126,105,0.025,6,Solid,222,175,,,,3,1160,1.4,8560,Conductor,8,,2285,45,31,74,7.00E-07,0.0000133
Ytterbium,Yb,173.0451,1469,39,,,Face-centered Cubic,6570,-1.93,1.1,2,"2, 8, 18, 32, 8, 2",154,160,7.7,26.74,603.4,1097,0.000026339,35,0.0076,6,Solid,222,175,,,,3,1174.8,3.6,6210,Conductor,8,,2417,31,9.9,24,2.80E-07,0.0000263
Lutetium,Lu,174.96681,3675,16,,,Simple Hexagonal,9841,33.4,1.27,2,"2, 8, 18, 32, 9, 2",154,415,22,26.86,523.5,1925,0.000017779,85,0.022,6,Solid,217,175,160,,,3,1340,1.8,9300,Conductor,8,,2022.3,48,27,69,5.70E-07,0.00001
Hafnium,Hf,178.492,4876,23,,,Simple Hexagonal,13310,17.18,1.3,2,"2, 8, 18, 32, 10, 2",144,630,25.5,25.73,658.5,2506,1.34E-05,104,0.02,6,Solid,208,155,150,,,4,1440,3.3,12000,Conductor,8,5.5,2250,110,30,78,3.00E-07,0.0000059
Tantalum,Ta,180.947882,5731,57,,,Body-centered Cubic,16650,31,1.5,2,"2, 8, 18, 32, 11, 2",140,735,36,25.36,761,3290,1.09E-05,20.5,0.0041,6,Solid,200,145,138,,,5,1500,7.7,15000,Conductor,8,6.5,,200,69,186,1.30E-07,0.0000063
Tungsten,W,183.841,6203,170,,,Body-centered Cubic,19250,78.76,2.36,2,"2, 8, 18, 32, 12, 2",132,800,35,24.27,770,3695,9.55E-06,18.4,0.0036,6,Solid,193,135,146,,,6,1700,20,17600,Conductor,8,7.5,,310,161,411,5.00E-08,0.0000045
Rhenium,Re,186.2071,5869,48,,,Simple Hexagonal,21020,5.8273,1.9,2,"2, 8, 18, 32, 13, 2",137,705,33,25.48,760,3459,8.86E-06,90,0.016,6,Solid,188,135,159,,,7,1260,5.6,18900,Conductor,8,7,2510,370,178,463,1.80E-07,0.0000062
Osmium,Os,190.233,5285,88,,,Simple Hexagonal,22590,103.99,2.2,2,"2, 8, 18, 32, 14, 2",130,630,31,24.7,840,3306,0.000008421,15,0.0023,6,Solid,185,130,128,,,6,1600,12,20000,Conductor,8,7,,,222,,8.00E-08,0.0000051
Iridium,Ir,192.2173,4403,150,,,Face-centered Cubic,22560,150.94,2.2,2,"2, 8, 18, 32, 15, 2",131,560,26,25.1,880,2719,8.52E-06,425,0.081,6,Solid,180,135,137,,,6,1600,21,19000,Conductor,8,6.5,,320,210,528,4.70E-08,0.0000064
Platinum,Pt,195.0849,4098,72,,,Face-centered Cubic,21450,205.041,2.28,2,"2, 8, 18, 32, 17, 1",133,490,20,25.86,870,2041.4,9.09E-06,10,0.002,6,Solid,177,135,128,175,,6,1791,9.4,19770,Conductor,8,3.5,,230,61,168,1.10E-07,0.0000089
Gold,Au,196.9665695,3243,320,,,Face-centered Cubic,19300,222.747,2.54,2,"2, 8, 18, 32, 18, 1",129.1,330,12.5,25.418,890.1,1337.33,0.00001021,98.7,0.017,6,Solid,174,135,144,166,,5,1980,45,17310,Conductor,8,2.5,,220,27,78,2.20E-08,0.0000142
Mercury,Hg,200.5923,629.88,8.3,172,1750,Simple Trigonal,13534,-48,2,2,"2, 8, 18, 32, 18, 2",139.5,59.2,2.29,27.983,1007.1,234.321,1.48E-05,374,0.063,6,Liquid,171,150,149,155,1.000933,2,1810,1,13534,Conductor,8,,3300,25,,,9.60E-07,0.000181
Thallium,Tl,204.38,1746,46,,,Simple Hexagonal,11850,36.4,1.62,2,"2, 8, 18, 32, 18, 3",129,165,4.2,26.32,589.4,577,1.72E-05,3.4,0.00059,6,Solid,156,190,148,196,,3,1971,6.7,11220,Conductor,8,1.2,2878,43,2.8,8,1.50E-07,0.0000299
Lead,Pb,207.21,2022,35,,,Face-centered Cubic,11340,34.4204,1.87,2,"2, 8, 18, 32, 18, 4",127,178,4.77,26.65,715.6,600.61,0.000018272,0.171,0.00003,6,Solid,154,180,147,202,,4,1450.5,4.8,10660,Conductor,8,1.5,3081.5,46,5.6,16,2.10E-07,0.0000289
Bismuth,Bi,208.980401,1837,8,,,Base-centered Monoclinic,9780,90.924,2.02,2,"2, 8, 18, 32, 18, 5",122,160,10.9,25.52,703,544.7,0.000021368,0.034,0.000006,6,Solid,143,160,146,,,5,1610,0.77,10050,Conductor,8,2.25,2466,31,12,32,0.0000013,0.0000134
Polonium,Po,209,1235,,,,Simple Cubic,9196,136,2,2,"2, 8, 18, 32, 18, 6",,100,13,26.4,812.1,527,2.27E-05,0.5,,6,Solid,135,190,,,,6,,2.3,,Conductor,8,,,,,,4.30E-07,
Astatine,At,210,610,2,,,,,233,2.2,2,"2, 8, 18, 32, 18, 7",,40,6,,899.003,575,,,,6,Solid,127,,,,,7,,,,,8,,,,,,,
Radon,Rn,222,211.5,0.00361,6.28,377,,9.73,-68,2.2,2,"2, 8, 18, 32, 18, 8",93.65,17,3,,1037,202,0.022816033,0.7,,6,Gas,120,,145,,,6,,,,,8,,,,,,,
Francium,Fr,223,950,,,,,,46.89,0.79,2,"2, 8, 18, 32, 18, 8, 1",,65,2,,380,300,,,,7,Solid,,,,,,1,,,,,8,,,,,,,
Radium,Ra,226,2010,19,,,Body-centered Cubic,5000,9.6485,0.9,2,"2, 8, 18, 32, 18, 8, 2",92,125,8,,509.3,1233,0.0000452,13,,7,Solid,,215,,,,2,979,1,,Conductor,8,,,,,,0.000001,
Actinium,Ac,227,3500,12,,,Face-centered Cubic,10070,33.77,1.1,2,"2, 8, 18, 32, 18, 9, 2",120,400,14,27.2,499,1500,2.25E-05,880,0.078,7,Solid,,195,,,,3,1170,,,,8,,,,,,,
Thorium,Th,232.03774,5061,54,,,Face-centered Cubic,11724,112.72,1.3,2,"2, 8, 18, 32, 18, 10, 2",118,530,16,26.23,587,2023,1.98E-05,7.4,0.001,7,Solid,,180,,,,4,1110,6.7,,Conductor,8,3,1930,54,31,79,1.50E-07,0.000011
Protactinium,Pa,231.035882,4300,47,,,Centered Tetragonal,15370,53.03,1.5,2,"2, 8, 18, 32, 20, 9, 2",99.1,470,15,,568,1841,1.50E-05,200,,7,Solid,,180,,,,5,,5.6,,Conductor,8,,,,,,1.80E-07,
Uranium,U,238.028913,4404,27,,,Base Orthorhombic,19050,50.94,1.38,2,"2, 8, 18, 32, 21, 9, 2",116,420,14,27.665,597.6,1405.3,0.000012495,7.57,0.0005,7,Solid,,175,,186,,6,1420,3.6,17300,Conductor,8,6,,100,111,208,2.80E-07,0.0000139
Neptunium,Np,237,4447,6,,,Simple Orthorhombic,20450,45.85,1.36,2,"2, 8, 18, 32, 22, 9, 2",,335,10,29.46,604.5,912,1.16E-05,180,,7,Solid,,175,,,,6,,0.83,,Conductor,8,,,,,,0.0000012,
Plutonium,Pu,244,3505,6,,,Simple Monoclinic,19816,-48.33,1.28,2,"2, 8, 18, 32, 24, 8, 2",,325,,35.5,584.7,912.5,1.23E-05,1.7,,7,Solid,,175,,,,6,,0.67,16630,Conductor,8,,,,43,96,0.0000015,
Americium,Am,243,2880,10,,,Simple Hexagonal,13670,9.93,1.13,2,"2, 8, 18, 32, 25, 8, 2",,,,62.7,578,1449,1.78E-05,74,,7,Solid,,175,,,,4,,,,,8,,,,,,,
Curium,Cm,247,3383,,,,Simple Hexagonal,13510,27.17,1.28,2,"2, 8, 18, 32, 25, 9, 2",,,,,581,1613,1.83E-05,60,,7,Solid,,,,,,4,,,,,8,,,,,,,
Berkelium,Bk,247,2900,10,,,Simple Hexagonal,14780,-165.24,1.3,2,"2, 8, 18, 32, 27, 8, 2",,,,,601,1259,1.67E-05,710,,7,Solid,,,,,,4,,,,,8,,,,,,,
Californium,Cf,251,1743,,,,Simple Hexagonal,15100,-97.31,1.3,2,"2, 8, 18, 32, 28, 8, 2",,,,,608,1173,1.66E-05,2900,,7,Solid,,,,,,4,,,,,8,,,,,,,
Einsteinium,Es,252,1269,,,,,,-28.6,1.3,2,"2, 8, 18, 32, 29, 8, 2",,,,,619,1133,,160,,7,Solid,,,,,,4,,,,,8,,,,,,,
Fermium,Fm,257,,,,,,,33.96,1.3,2,"2, 8, 18, 32, 30, 8, 2",,,,,627,1800,,5800,,7,Solid,,,,,,3,,,,,8,,,,,,,
Mendelevium,Md,258,,,,,,,93.91,1.3,2,"2, 8, 18, 32, 31, 8, 2",,,,,635,1100,,,,7,Solid,,,,,,3,,,,,8,,,,,,,
Nobelium,No,259,,,,,,,-223.22,1.3,2,"2, 8, 18, 32, 32, 8, 2",,,,,642,1100,,,,7,Solid,,,,,,3,,,,,8,,,,,,,
Lawrencium,Lr,266,,,,,,,-30.04,1.3,2,"2, 8, 18, 32, 32, 8, 3",,,,,470,1900,,,,7,Solid,,,,,,3,,,,,8,,,,,,,
Rutherfordium,Rf,267,5800,,,,,,,,2,"2, 8, 18, 32, 32, 10, 2",,,,,580,2400,,,,7,Solid,,,,,,4,,,,,8,,,,,,,
Dubnium,Db,268,,,,,,,,,2,"2, 8, 18, 32, 32, 11, 2",,,,,,,,,,7,Solid,,,,,,5,,,,,8,,,,,,,
Seaborgium,Sg,269,,,,,,,,,2,"2, 8, 18, 32, 32, 12, 2",,,,,,,,,,7,Solid,,,,,,6,,,,,8,,,,,,,
Bohrium,Bh,270,,,,,,,,,2,"2, 8, 18, 32, 32, 13, 2",,,,,,,,,,7,Solid,,,,,,7,,,,,8,,,,,,,
Hassium,Hs,269,,,,,,,,,2,"2, 8, 18, 32, 32, 14, 2",,,,,,126,,,,7,Solid,,,,,,,,,,,8,,,,,,,
Meitnerium,Mt,278,,,,,,,,,2,"2, 8, 18, 32, 32, 15, 2",,,,,,,,,,7,Solid,,,,,,,,,,,8,,,,,,,
Darmstadtium,Ds,281,,,,,,,,,2,"2, 8, 18, 32, 32, 16, 2",,,,,,,,,,7,Solid,,,,,,,,,,,8,,,,,,,
Roentgenium,Rg,282,,,,,,,151,,2,"2, 8, 18, 32, 32, 17, 2",,,,,,,,,,7,Solid,,,,,,,,,,,8,,,,,,,
Copernicium,Cn,285,3570,,,,,,,,2,"2, 8, 18, 32, 32, 18, 2",,,,,,,,,,7,Gas,,,,,,,,,,,8,,,,,,,
Nihonium,Nh,286,1430,,,,,,66.6,,2,"2, 8, 18, 32, 32, 18, 3",,,,,,700,,,,7,Solid,,,,,,,,,,,8,,,,,,,
Flerovium,Fl,289,420,,,,,,,,2,"2, 8, 18, 32, 32, 18, 4",,,,,,340,,,,7,Solid,,,,,,,,,,,8,,,,,,,
Moscovium,Mc,289,1400,,,,,,35.3,,2,"2, 8, 18, 32, 32, 18, 5",,,,,,670,,,,7,Solid,,,,,,,,,,,8,,,,,,,
Livermorium,Lv,293,1085,,,,,,74.9,,2,"2, 8, 18, 32, 32, 18, 6",,,,,,709,,,,7,Solid,,,,,,,,,,,8,,,,,,,
Tennessine,Ts,294,883,,,,,,165.9,,2,"2, 8, 18, 32, 32, 18, 7",,,,,,723,,,,7,Solid,,,,,,,,,,,8,,,,,,,
Oganesson,Og,294,350,,,,,,5.40318,,2,"2, 8, 18, 32, 32, 18, 8",,,,,,,,,,7,Solid,,,,,,,,,,,8,,,,,,,
Ununennium,Uue,315,630,,,,,,63.87,,2,"2, 8, 18, 32, 32, 18, 8, 1",,,,,,,,,,8,Solid,,,,,,,,,,,8,,,,,,,
