composition,phase,density,hv,yield_strength,young_modulus
Al0.25 Co1 Fe1 Ni1,FCC,7.9,138,158,192
Al0.5 Co1 Fe1 Ni1,FCC+BCC,7.4,212,346,179.4743678
Al0.75 Co1 Fe1 Ni1,FCC+BCC,7,385,794,169.4344571
Al1 Co1 Fe1 Ni1,BCC,6.6,456,964,162
Co1 Fe1 Ni1,FCC,8.5,125,204,207
Co1 Fe1 Ni1,FCC,8.5,125,209,207
Co1 Fe1 Ni1 Si0.25,FCC,7.7,149,196,186
Co1 Fe1 Ni1 Si0.5,FCC+Sec.,7.1,287,476,173.2884594
Co1 Fe1 Ni1 Si0.75,FCC+Sec.,6.6,570,1301,161.0207542
Co1 Cr1 Fe1 Ni1,FCC,8.2,127.5599349,274,226
Co1 Cr1 Mn1 Ni1,FCC,8.1,301.9920871,282,222
Co1 Cr1 Ni1,FCC,8.3,335.0289365,300,231
Co1 Fe1 Mn1 Ni1,FCC,8.2,241.1910519,170,204
Co1 Fe1 Ni1,FCC,8.5,156.0356238,211,207
Co1 Mn1 Ni1,FCC,8.4,287.6829987,231,202
Fe1 Mn1 Ni1,FCC,8.1,230.7868111,221,203
Co1 Cr1 Fe1 Nb0.103 Ni1,FCC+Sec.,8.2,138.247127,318,222.2636163
Co1 Cr1 Fe1 Nb0.155 Ni1,FCC+Sec.,8.2,134.423627,322,220.7108113
Co1 Cr1 Fe1 Nb0.206 Ni1,FCC+Sec.,8.2,147.3613159,403,219.225163
Co1 Cr1 Fe1 Nb0.309 Ni1,FCC+Sec.,8.2,223.4235513,479,216.3317606
Co1 Cr1 Fe1 Nb0.412 Ni1,FCC+Sec.,8.2,227.8049995,638,213.5567409
Co1 Cr1 Fe1 Ni1,FCC,8.2,127.5599349,148,226
Al0.25 Co1 Cr1 Fe1 Ni1,FCC,7.7,110,379.9428315,213
Al0.25 Co1 Cr1 Fe1 Ni1,FCC,7.7,113,379.9428315,213
Al0.375 Co1 Cr1 Fe1 Ni1,FCC,7.5,131,374.9740321,207
Al0.375 Co1 Cr1 Fe1 Ni1,FCC,7.5,196,487.7361249,207
Al0.5 Co1 Cr1 Fe1 Ni1,FCC+BCC,7.3,159,508.6250911,201.8352376
Al0.5 Co1 Cr1 Fe1 Ni1,FCC+BCC,7.3,209,612.9235023,201.8352376
Al0.75 Co1 Cr1 Fe1 Ni1,FCC+BCC,7,388,1088.558278,192.8618776
Al0.75 Co1 Cr1 Fe1 Ni1,FCC+BCC,7,280,691.3494647,192.8618776
Al0.875 Co1 Cr1 Fe1 Ni1,BCC,6.9,538,1658.507999,188
Al0.875 Co1 Cr1 Fe1 Ni1,FCC+BCC,6.9,361,984.2852424,189.1944975
Al1 Co0.8 Cr0.8 Fe0.8 Ni0.8,BCC,6.5,487,1165.391364,177
Al1 Co0.8 Cr0.8 Fe0.8 Ni0.8,BCC,6.5,499,1217.821965,177
Al1 Co0.667 Cr0.667 Fe0.667 Ni0.667,BCC,6.2,484,1049.799921,171
Al1 Co0.667 Cr0.667 Fe0.667 Ni0.667,BCC,6.2,517,1315.472574,171
Al1 Co0.5 Cr0.5 Fe0.5 Ni0.5,BCC,5.9,509,1164.839176,160
Al1 Co0.5 Cr0.5 Fe0.5 Ni0.5,BCC,5.9,512,1215.907907,160
Al1 Co1 Cr1 Fe1 Ni1,BCC,6.7,484,1110.731461,184
Al1 Co1 Cr1 Fe1 Ni1,FCC+BCC,6.7,433,1058.651972,184.4160003
Co1 Cr1 Fe1 Ni1,FCC,8.2,116,340.1959251,226
Co1 Cr1 Fe1 Ni1,FCC,8.2,113,340.1959251,226
Al0.5 Co1 Cr1 Fe1 Mo0.5 Ni1,FCC+Sec.,7.7,425,1199.94715,215.8301056
Al1 Co0.667 Cr0.667 Fe0.667 Mo0.333 Ni0.667,B2+Sec.,6.6,655,1526.067232,184.0535284
Al1 Co0.5 Cr0.5 Fe0.5 Mo0.25 Ni0.5,BCC+B2,6.3,605,981.3274113,173.5715125
Al1 Co1 Cr1 Fe1 Mo0.5 Ni1,B2+Sec.,7.1,715,2353.034317,198.4980211
Co1 Cr1 Fe1 Mo0.5 Ni1,FCC+Sec.,8.5,210,578.6147728,237.3317763
Al0.5 Co1 Cr1 Fe1 Ni1 Ti1,BCC+Laves,6.6,592.1241111,1640.271984,183.6565836
Al1 Co0.667 Cr0.667 Fe0.667 Ni0.667 Ti0.667,BCC+BCC,5.9,622.348,1263.994435,161.6600966
Al1 Co0.5 Cr0.5 Fe0.5 Ni0.5 Ti0.5,BCC+BCC,5.6,643,705.1438144,153.2988311
Al1 Co1 Cr1 Fe1 Ni1 Ti1,BCC+Laves,6.2,685.3566667,1686.677884,171.2818593
Co1 Cr1 Fe1 Ni1 Ti1,FCC,7.2,601.7656984,1587.017093,195
Al0.133 Co1 Cr0.667 Fe0.667 Ni1 Ti0.667,FCC+Sec.,7.2,717,1754.979986,194.502549
Al0.133 Co1 Cr0.667 Fe0.667 Ni1 Ti0.333,FCC,7.6,487,1109.283098,201
Co1 Cr0.667 Fe0.667 Ni1 Ti0.667,FCC+Sec.,7.4,654,1777.710432,199.97932
Co1 Cr0.667 Fe0.667 Ni1 Ti0.333,FCC,7.8,509,1574.877586,209.4796485
Al0.7 Co0.3 Cr1 Fe1 Ni1,FCC+BCC+B2,6.8,624,2033,192.4474408
Al0.875 Co1 Cr1 Fe1 Ni1,FCC+BCC,6.9,508.8853651,1470.24663,189.1944975
Al1 Co0.667 Cr0.667 Fe0.667 Ni0.667,BCC,6.2,402,946.3919555,171
Al1 Co0.4 Cr0.4 Fe0.4 Ni0.4,BCC,5.6,487,872.7817258,152
Al1 Co0.5 Cr0.5 Fe0.5 Ni0.5,BCC,5.9,432,965.4272239,160
Al1 Co0.333 Cr0.333 Fe0.333 Ni0.333,BCC,5.3,506,770.3190134,145
Al1 Co1 Cr1 Fe1 Ni1,BCC,6.7,395,1055.849381,184
Al1 Cr1 Cu1 Fe1 Ni1,FCC+BCC,6.8,342,1372.105613,169.062194
Co1 Cr1 Cu1 Fe1 Ni1,FCC,8.3,286,535.684661,206
Cr1 Cu1 Fe1 Mn1 Ni1,FCC+BCC,8.1,296,618.3129266,203.1816517
Cr1 Cu1 Fe1 Mo1 Ni1,FCC,8.7,263,608.4936107,236
Al1 Co1 Cr1 Fe1 Ni1,BCC,6.7,470.9887063,1251,184
Al1 C0.1 Co1 Cr1 Fe1 Ni1,BCC+Sec.,6.7,626.0655556,957,183.1881263
Al1 C0.2 Co1 Cr1 Fe1 Ni1,BCC+Sec.,6.6,626.3997778,906,180.7746344
Al1 C0.3 Co1 Cr1 Fe1 Ni1,BCC+Sec.,6.5,631.742127,867,178.4056952
Al1 C0.4 Co1 Cr1 Fe1 Ni1,BCC+Sec.,6.5,616.5425714,1056,177.3116774
Al1 C0.5 Co1 Cr1 Fe1 Ni1,BCC+Sec.,6.4,603.7632381,1060,175.0245983
Al0.667 C1 Co0.667 Cr0.667 Fe0.667 Ni0.667,BCC+Sec.,5.9,700.2308056,1255,160.1076729
Al1 C1 Co1 Cr1 Fe1 Ni1,BCC+Sec.,6.2,693.788,1251,167.8148519
Al1 Co1 Cr1 Fe1 Ni1,BCC,6.7,470.9887063,1138,184
Al1 Co1 Cr1 Fe1 Mo0.1 Ni1,BCC,6.8,561.4739206,1804,188
Al1 Co1 Cr1 Fe1 Mo0.2 Ni1,BCC+Sec.,6.9,569.2398889,2456,190.7531149
Al1 Co1 Cr1 Fe1 Mo0.3 Ni1,BCC+Sec.,7,606.4775556,2649,193.8121035
Al1 Co1 Cr1 Fe1 Mo0.4 Ni1,BCC+Sec.,7,665.4271111,2670,195.5706133
Al1 Co1 Cr1 Fe1 Mo0.5 Ni1,BCC+Sec.,7.1,744.9680026,2757,198.4980211
Al1 Co1 Cr1 Fe1 Ni1,BCC,6.7,470.9887063,1051,184
Al1 Co1 Cr1 Fe1 Nb0.1 Ni1,BCC,6.8,569,1641,182
Al1 Co1 Cr1 Fe1 Nb0.25 Ni1,BCC+Sec.,6.8,668,1959,180.662171
Al1 Co1 Cr1 Fe1 Nb0.5 Ni1,BCC+Sec.,7,747,2473,178.5945193
Al1 Co1 Cr1 Fe1 Nb0.75 Ni1,BCC+Sec.,7,591.5324815,1734.02062,174.4553835
Al1 Co1 Cr1 Fe1 Ni1,BCC,6.7,520,1373,184
Al0.8 Co1 Cr1 Cu1 Fe1 Ni1,FCC+BCC,7.3,270,684.8345258,180.4688059
Al1 Co0.5 Cr1 Fe1 Mo0.5 Ni1,BCC+Sec.,7,801,1869.979883,198.1994584
Al0.667 Co1 Cr0.667 Fe0.667 Mo0.333 Ni0.667,BCC+Sec.,7.2,741,2255.706675,198.9418349
Al0.5 Co1 Cr0.5 Fe0.5 Mo0.25 Ni0.5,FCC+BCC+Sec.,7.3,586,1736.297986,199.5263533
Al1 Co1 Cr1 Fe1 Mo0.5 Ni1,BCC+Sec.,7.1,796,2345.374578,198.4980211
Al1 Co1 Cr1 Fe1 Mo0.5 Ni1,BCC+Sec.,7.1,755,2394.317583,198.4980211
Al1 Co1 Cr1 Fe0.6 Mo0.5 Ni1,BCC+Sec.,7.1,754,1520.674531,198.4482145
Al0.667 Co0.667 Cr0.667 Fe1 Mo0.333 Ni0.667,BCC+Sec.,7.2,635,2044.058911,199.7722829
Al0.5 Co0.5 Cr0.5 Fe1 Mo0.25 Ni0.5,BCC+Sec.,7.2,639,1961.471644,199.8285625
Al1 Co1 Cr1 Fe1 Mo0.5,B2+Sec.,6.8,857,2009.003867,199.4983259
Al1 Co1 Cr1 Fe1 Mo0.5 Ni1,B2+Sec.,7.1,730,2359.157657,198.4980211
Al1 Co1 Cr1 Fe1 Mo0.5 Ni0.5,B2+Sec.,7,708,1512.49268,199.3796536
Al0.667 Co0.667 Cr0.667 Fe0.667 Mo0.333 Ni1,FCC+B2+Sec.,7.2,586,1969.303374,197.9595679
Al0.5 Co0.5 Cr0.5 Fe0.5 Mo0.25 Ni1,FCC+B2+Sec.,7.3,395,1057.253885,197.7106683
Al1 Co1 Cr1 Fe1 Ni1,BCC,6.7,470.9887063,1110,184
Al1 Co1 Cr1 Fe1 Ni1 Si1,BCC+Sec.,5.7,540.8085556,2411,154.3148272
Al1 Co1 Cr1 Fe1 Ni1 Si0.2,BCC,6.5,522.6352222,1265,176
Al1 Co1 Cr1 Fe1 Ni1 Si0.4,BCC,6.2,509.0381111,1481,169
Al1 Co1 Cr1 Fe1 Ni1 Si0.6,BCC,6,500.9879444,1834,162
Al1 Co1 Cr1 Fe1 Ni1 Si0.8,BCC+Sec.,5.8,518.5335556,2179,158.4774807
Al0.25 Co1 Cr1 Cu0.5 Fe1 Ni1 Ti0.5,FCC,7.4,521.9377042,1613.611979,192
Al0.25 Co1 Cr1 Cu0.75 Fe1 Ni1 Ti0.5,FCC,7.5,425.0547778,750,189
Al0.5 Co1 Cr1 Cu0.5 Fe1 Ni1 Ti0.5,FCC+BCC,7.1,541.7993651,1580,186.1240512
Al0.75 Co1 Cr1 Cu0.25 Fe1 Ni1 Ti0.5,FCC+BCC,6.8,620.5988889,1900,182.1362941
Co1 Cr1 Cu1 Fe1 Ni1 Ti0.5,FCC,7.8,395.5405,700,194
Al1 Co1 Cr1 Fe1 Ni1 Ti1,BCC+BCC,6.2,685.3566667,1860,171.2818593
Al1 Co1 Cr1 Fe1 Ni1 Ti0.5,BCC+BCC,6.4,178,2260,176.9156933
Al0.667 Co0.667 Cr0.667 Fe0.667 Ni0.667 Ti1,BCC+Sec.,6.1,698.5666667,2220,167.6281322
Al1 Co1 Cr1 Fe1 Ni1 Ti1 V1 Zr1,,6.3,780,1553.69133,151.6902178
Al1 Co1 Fe1 Ni1 Ti1 V1 Zr1,BCC,6.2,790,1470.966816,129
Al1 Fe1 Ni1 Ti1 V1 Zr1,BCC,5.9,800,1479.822144,119
Co1 Cr1 Cu1 Fe1 Ni1 Ti1 V1 Zr1,,7.1,680,1393.954005,161.1772169
Co1 Cr1 Fe1 Mo1 Ni1 Ti1 V1 Zr1,,7.3,850,2346.708925,186.0947643
Co1 Cu1 Fe1 Ni1 Ti1 V1 Zr1,,7.1,630,1280.597315,145.2422687
Co1 Fe1 Mo1 Ni1 Ti1 V1 Zr1,,7.3,790,1622.10648,173.5438796
Cu1 Fe1 Ni1 Ti1 V1 Zr1,,6.8,590,1248.692919,134.3908395
Fe1 Mo1 Ni1 Ti1 V1 Zr1,BCC+Sec.,7.1,740,1579.924844,167.4138916
Al0.1 Co1 Cr1 Fe1 Mn1 Ni1,FCC,7.9,180,352.2857821,216
Al0.2 Co1 Cr1 Fe1 Mn1 Ni1,FCC,7.7,171,220,212
Al0.38 Co1 Cr1 Fe1 Mn1 Ni1,FCC,7.5,182,244,205
Al0.43 Co1 Cr1 Fe1 Mn1 Ni1,FCC+BCC,7.4,183,285,203.4811397
Al0.49 Co1 Cr1 Fe1 Mn1 Ni1,FCC+BCC,7.4,220,331,202.3813058
Al0.56 Co1 Cr1 Fe1 Mn1 Ni1,FCC+BCC,7.3,278,526,199.8953239
Al0.62 Co1 Cr1 Fe1 Mn1 Ni1,FCC+BCC,7.2,405,833,197.6132079
Al0.68 Co1 Cr1 Fe1 Mn1 Ni1,FCC+BCC,7.2,486,1097.317808,196.5861034
Al0.75 Co1 Cr1 Fe1 Mn1 Ni1,FCC+BCC,7.1,530,1810.035923,194.1820627
Al0.81 Co1 Cr1 Fe1 Mn1 Ni1,FCC+BCC,7,539,1810.362339,191.967798
Al0.88 Co1 Cr1 Fe1 Mn1 Ni1,FCC+BCC,7,533,1755.945249,190.8481214
Al0.95 Co1 Cr1 Fe1 Mn1 Ni1,FCC+BCC,6.9,535,1721.761818,188.5219463
Al1 Co0.8 Cr0.8 Fe0.8 Mn0.8 Ni0.8,BCC,6.6,539,1367.48347,180
Co1 Cr1 Fe1 Mn1 Ni1,FCC,8,176,208,220
Co1 Cr1 Fe1 Mn1 Ni1,FCC,8,144,280.3220443,220
Co1 Cr1 Fe1 Mn1 Ni1,FCC,8,135,230,220
Co1 Cr1 Fe1 Mn1 Ni1 V0.25,FCC,7.9,151,248.6704395,215
Co1 Cr1 Fe1 Mn1 Ni1 V0.25,FCC+Sec.,7.9,144,200,215.0098397
Co1 Cr1 Fe1 Mn1 Ni1 V0.5,FCC,7.8,186,456.2761748,210
Co1 Cr1 Fe1 Mn1 Ni1 V0.5,FCC,7.8,275,620,210
Co1 Cr1 Fe1 Mn1 Ni1 V0.75,FCC+Sec.,7.7,380,740,206.8226669
Co1 Cr1 Fe1 Mn1 Ni1 V0.75,FCC+Sec.,7.7,342,560.5805955,206.8226669
Co1 Cr1 Fe1 Mn1 Ni1 V1,FCC+Sec.,7.7,636,1660,204.3178884
Co1 Cr1 Fe1 Mn1 Ni1 V1,FCC+Sec.,7.7,650,1701.332153,204.3178884
Al0.2 Cr0.667 Fe1 Mn0.667 Ni0.333,FCC+BCC,7.2,297,497.0723842,208.6725635
Al0.333 Cr0.667 Fe1 Mn0.667 Ni0.333,BCC,7,396,945.5528108,201
Al1 Cr1 Fe1 Ni1,BCC+B2,6.3,472,1406,179.5326663
Al1 Cr1 Fe1 Mo1 Ni1,B2+Sec.,7.2,905,2313.204625,210.7500726
Al1 Cr1 Fe1 Mo0.2 Ni1,BCC+B2,6.5,549,1487,186.7892616
Al1 Cr1 Fe1 Mo0.5 Ni1,BCC+B2,6.8,622,1749,196.8756698
Al1 Cr1 Fe1 Mo0.8 Ni1,B2+Sec.,7,854,1513,204.9307497
Al0.3 Co1 Cr1 Cu1 Fe1,FCC,7.7,180,492.1988627,194
Al0.5 Co1 Cr1 Cu1 Fe1,FCC,7.4,207,602.6584581,187
Al0.8 Co1 Cr1 Cu1 Fe1,FCC+BCC,7,271,824.6230005,176.905662
Al1 Co0.769 Cr0.769 Cu0.769 Fe0.769,FCC+BCC,6.5,476,955.1474606,163.5795354
Al1 Co0.667 Cr0.667 Cu0.667 Fe0.667,FCC+BCC,6.3,510,991.2979421,158.9993868
Al1 Co0.556 Cr0.556 Cu0.556 Fe0.556,FCC+BCC,6.1,557,1005.83192,153.5922389
Al1 Co0.5 Cr0.5 Cu0.5 Fe0.5,FCC+BCC,5.9,567,945.3328414,149.3451102
Al1 Co0.435 Cr0.435 Cu0.435 Fe0.435,FCC+BCC,5.7,603,956.8135869,144.414954
Al1 Co0.4 Cr0.4 Cu0.4 Fe0.4,FCC+BCC,5.6,624,808.7042746,141.6404933
Al1 Co0.357 Cr0.357 Cu0.357 Fe0.357,BCC,5.5,657,711.2473095,139
Al1 Co0.333 Cr0.333 Cu0.333 Fe0.333,BCC,5.4,644,698.8928525,136
Al1 Co1 Cr1 Cu1 Fe1,FCC+BCC,6.8,407,943.1601868,171.2803464
Co1 Cr1 Cu1 Fe1,FCC,8.2,134,398.4571628,208
Co1 Cr1 Cu0.5 Fe1 Ni1,FCC,8.3,172,389.3767807,215
Co1 Cr1 Cu1 Fe1 Ni1 Ti1,FCC,7.4,519.8278889,1272,185
Co1 Cr1 Cu1 Fe1 Ni1 Ti0.5,FCC,7.8,395.5405,700,194
Co1 Cr1 Cu1 Fe1 Ni1 Ti0.8,FCC+Sec.,7.6,412.6921645,1042,189.5876631
Al0.5 B0.2 Co1 Cr1 Cu1 Fe1 Ni1,,7.5,415,810.9839931,185.2800523
Al0.5 B0.6 Co1 Cr1 Cu1 Fe1 Ni1,,7.3,505,1146.864522,179.2968276
Al0.5 B1 Co1 Cr1 Cu1 Fe1 Ni1,,7.1,736,1737.85345,173.7469887
Al0.5 Co1 Cr1 Cu1 Fe1 Ni1,,7.6,300,630.1711779,188.4637334
Al0.5 Co1 Cr1 Cu1 Fe1 Ni1,FCC,7.6,225,490.5233423,189
Al0.5 Co1 Cr1 Cu1 Fe1 Ni1 Ti1,FCC+BCC+Sec.,7,636,1339.611085,175.2593145
Al0.5 Co1 Cr1 Cu1 Fe1 Ni1 Ti0.2,FCC,7.5,272,625.6189802,185
Al0.5 Co1 Cr1 Cu1 Fe1 Ni1 Ti0.4,FCC,7.3,321,629.6526684,182
Al0.5 Co1 Cr1 Cu1 Fe1 Ni1 Ti0.6,FCC+BCC,7.2,458,840.2791983,180.1165242
Al0.5 Co1 Cr1 Cu1 Fe1 Ni1 Ti0.8,FCC+BCC+Sec.,7.1,590,1398.126758,177.6574211
Al0.417 Co0.833 Cr0.833 Cu0.833 Fe0.833 Ni0.833 Ti1,FCC+BCC+Sec.,6.9,646,1340.980858,172.9221841
Al0.357 Co0.714 Cr0.714 Cu0.714 Fe0.714 Ni0.714 Ti1,FCC+BCC+B2+Sec.,6.8,664,1317.035438,170.7232346
Al0.312 Co0.625 Cr0.625 Cu0.625 Fe0.625 Ni0.625 Ti1,FCC+BCC+B2+Sec.,6.7,657,1308.84751,168.7042845
Al0.278 Co0.556 Cr0.556 Cu0.556 Fe0.556 Ni0.556 Ti1,FCC+BCC+B2+Sec.,6.6,667,1299.980391,166.7206579
Al0.25 Co0.5 Cr0.5 Cu0.5 Fe0.5 Ni0.5 Ti1,FCC+BCC+B2+Sec.,6.5,696,1303.429341,164.7735894
Al0.5 Co1 Cr1 Cu1 Fe1 Ni1,FCC,7.6,215,483.3467202,189
Al0.5 Co1 Cr1 Cu1 Fe1 Ni1 V0.2,FCC,7.6,204,477.5907332,186
Al0.5 Co1 Cr1 Cu1 Fe1 Ni1 V0.4,FCC+BCC,7.5,231,579.5038617,184.3183963
Al0.5 Co1 Cr1 Cu1 Fe1 Ni1 V0.6,FCC+BCC+Sec.,7.5,328,636.7395038,183.0045478
Al0.5 Co1 Cr1 Cu1 Fe1 Ni1 V0.8,FCC+BCC+Sec.,7.4,447,852.9703425,180.543136
Al0.5 Co1 Cr1 Cu1 Fe1 Ni1 V1,FCC+BCC+Sec.,7.4,639,1586.299648,179.3884252
Al0.417 Co0.833 Cr0.833 Cu0.833 Fe0.833 Ni0.833 V1,BCC,7.3,579,1416.411184,177
Al0.357 Co0.714 Cr0.714 Cu0.714 Fe0.714 Ni0.714 V1,BCC,7.3,577,1383.219261,175
Al0.312 Co0.625 Cr0.625 Cu0.625 Fe0.625 Ni0.625 V1,BCC,7.2,594,1390.717451,174
Al0.278 Co0.556 Cr0.556 Cu0.556 Fe0.556 Ni0.556 V1,BCC,7.2,597,1415.14394,172
Al0.25 Co0.5 Cr0.5 Cu0.5 Fe0.5 Ni0.5 V1,BCC,7.2,587,1404.749911,171
Al1 Co1 Cr1 Cu1 Fe1 Ni1,FCC+BCC,7.1,472,771.8593379,175.3746079
Al1 Co1 Cu1 Fe1 Nd1 Ni1,Other,7,578,1213.896304,148.842371
Al1 Co1 Cu1 Fe1 Ni1,FCC+BCC,7,536,1154.66516,153.3772391
Al1 Co1 Cu1 Fe1 Ni1 Si1,FCC+BCC,5.9,682,1778.80053,129.8137935
Al1 Co1 Cu1 Fe1 Ni1 Ti1,FCC+BCC,6.5,626,1513.539443,147.3934394
Al1 Co1 Cu1 Fe1 Ni1 Zr1,FCC+BCC+Sec.,6.9,472,950.6054137,136.0879293
Al1 Co1 Cr1 Cu1 Fe1 Mn1 Ni1,FCC+BCC+Sec.,7.1,633.159,1005,178.1206545
Al1 Co1 Cr1 Cu1 Fe1 Ni1,FCC+BCC,7.1,465.2437778,1303,175.3746079
Al1 Co1 Cr1 Cu1 Fe1 Ni1 Ti1,FCC+BCC+BCC,6.6,657.1453333,1234,165.573786
Al1 Co1 Cr1 Cu1 Fe1 Ni1 V1,FCC+BCC,6.9,600.327,1469,167.7762134
Al1 Co1 Cr1 Cu1 Ni1 Ti1,BCC,6.4,670.5644444,1276.664136,157
Al1 Co1 Cr1 Cu1 Ni1 Ti1 Y1,Other,5.8,679.339,1289.50114,146.5252536
Al1 Co1 Cr1 Cu1 Ni1 Ti1 Y0.5,Other,6.1,671.993,1273.492726,152.7589399
Al1 Co1 Cr1 Cu1 Ni1 Ti1 Y0.8,Other,5.9,679.2923333,1174.537672,148.7337487
Co1 Cu1 Fe1 Ni1,FCC,8.6,173.2373667,333.6198203,187
Co1 Cu1 Fe1 Ni1 Sn0.02,FCC,8.6,175.8068,379.3621394,185
Co1 Cu1 Fe1 Ni1 Sn0.04,FCC+Sec.,8.6,178.5073333,353.1101908,184.0941492
Co1 Cu1 Fe1 Ni1 Sn0.05,FCC+Sec.,8.6,180.448,351.183922,183.5634996
Co1 Cu1 Fe1 Ni1 Sn0.07,FCC+Sec.,8.6,180.448,351.183922,182.5100232
Co1 Cu1 Fe1 Ni1 Sn0.1,FCC+Sec.,8.6,181.5533333,373.3893108,180.9490795
Co1 Cu1 Fe1 Ni1 Sn0.2,FCC+Sec.,8.5,180.0812444,364.4513267,174.6760012
Co1 Cu1 Fe1 Ni1 Sn0.5,FCC+Sec.,8.3,261.2694111,477.4181493,158.4323076
Co1 Cu1 Fe1 Mn1 Ni1,FCC,8.4,208,488.1118808,189
Co1 Cu1 Fe1 Mn1 Ni1 Sn0.03,FCC,8.4,192,400.9809612,187
Co1 Cu1 Fe1 Mn1 Ni1 Sn0.05,FCC+Sec.,8.4,205,433.3749504,186.9389451
Co1 Cu1 Fe1 Mn1 Ni1 Sn0.08,FCC+Sec.,8.3,219,451.8752407,184.4074517
Co1 Cu1 Fe1 Mn1 Ni1 Sn0.1,FCC+Sec.,8.3,253,502.3989731,183.5489445
Co1 Cu1 Fe1 Mn1 Ni1 Sn0.2,FCC+Sec.,8.3,319,554.7064731,179.3554667
Al1 Cr1 Cu1 Fe1 Ni1,FCC+BCC,6.8,495,1025.216948,169.062194
Al1 Cr1 Cu1 Fe1 Ni0.6,FCC+BCC,6.6,496,968.869075,166.5091884
Al1 Cr1 Cu1 Fe1 Ni0.8,FCC+BCC,6.7,486,997.7368575,167.7666471
Al0.833 Cr0.833 Cu0.833 Fe0.833 Ni1,FCC+BCC,6.8,407,1027.675493,169.1602354
Al0.714 Cr0.714 Cu0.714 Fe0.714 Ni1,FCC+BCC,6.9,367,1241.574357,170.5039782
Co1 Cr1 Cu1 Fe1 Ni1,FCC,8.3,286,230,206
Al0.1 Cr0.5 Cu0.5 Fe0.5 Ni1,FCC,8,181.3405079,448.6893077,197
Al0.2 Cr0.5 Cu0.5 Fe0.5 Ni1,FCC,7.8,182.5796746,451.1929416,190
Al0.3 Cr0.5 Cu0.5 Fe0.5 Ni1,FCC,7.5,235.8839524,525.0998695,185
Al0.4 Cr0.5 Cu0.5 Fe0.5 Ni1,FCC,7.3,253.2069048,605.0703531,179
Al0.6 Cr0.5 Cu0.5 Fe0.5 Ni1,FCC+BCC,6.9,433.9951032,920.6346273,168.5518911
Al0.5 Cr0.5 Cu0.5 Fe0.5 Ni1,FCC+BCC,7.1,350.2889365,635.8243671,173.4076158
Al1 Cr1 Cu1 Fe1 Ni1 Ti1,BCC+BCC+Sec.,6.3,663.9506667,1558.014199,159.808748
Al1 Cu0.889 Fe0.667 Ni0.889 Ti1,FCC,5.9,516,980,131
Al1 Cu0.889 Fe0.667 Ni0.889 Ti1,FCC,5.9,516,980,131
Al1 Cu1 Fe1 Ni1 Ti1,FCC,6.1,516,1074,137
Al1 Cu1 Ni1 Ti1,FCC,5.7,537,300,122
Al1 Cu0.062 Li0.062 Mg0.062 Zn0.062,FCC+Sec.,2.9,791.0466667,488,67.87578004
Al1 Li0.062 Mg0.062 Sn0.062 Zn0.062,FCC+Sec.,3,791.0266667,415,61.0958954
Al1 Cu0.2 Li0.5 Mg1 Zn0.5,Other,2.7,663.9866667,562.4539251,99.94152061
Al1 Cu0.5 Li0.5 Mg1 Sn0.2,Other,3,655.6030667,540.4092111,93.23540425
Al1 Li0.5 Mg1 Sn0.2 Zn0.5,FCC+Sec.,2.9,663.28,546,93.91751992
Al1 Li1 Mg1 Sn1 Zn1,FCC+HCP+Sec.,3.9,607.2324476,600,71.62928144
Al0.667 Li0.667 Mg0.333 Sc0.667 Ti1,FCC+HCP,2.7,591,738.2685634,88.13127241
Al0.214 Nb0.714 Ta0.571 Ti1 V0.143 Zr0.929,BCC,7.7,500,1965,107
Al0.214 Nb0.714 Ta0.571 Ti1 V0.143 Zr0.929,BCC,7.7,494.0966667,678,107
Al0.214 Nb0.714 Ta0.571 Ti1 V0.143 Zr0.929,BCC,7.7,494.0966667,166,107
Al0.214 Nb0.714 Ta0.714 Ti1 Zr0.929,BCC,8.1,490,1965,110
Al0.214 Nb0.714 Ta0.714 Ti1 Zr0.929,BCC,8.1,472.3026667,362,110
Al0.214 Nb0.714 Ta0.714 Ti1 Zr0.929,BCC,8.1,472.3026667,236,110
Al0.4 Hf0.6 Nb1 Ta1 Ti1 Zr1,BCC,9.1,500,1841,107
Al0.4 Hf0.6 Nb1 Ta1 Ti1 Zr1,BCC,9.1,458.8482496,796,107
Al0.4 Hf0.6 Nb1 Ta1 Ti1 Zr1,BCC,9.1,458.8482496,298,107
Al0.333 Nb0.667 Ta0.533 Ti1 V0.133 Zr0.667,BCC,7.6,530,2035,109
Al0.333 Nb0.667 Ta0.533 Ti1 V0.133 Zr0.667,BCC,7.6,507.7115556,796,109
Al0.333 Nb0.667 Ta0.533 Ti1 V0.133 Zr0.667,BCC,7.6,507.7115556,220,109
Al1 Mo0.5 Nb1 Ta0.5 Ti1 Zr1,BCC+B2,7.1,591,2000,116.9810808
Al1 Mo0.5 Nb1 Ta0.5 Ti1 Zr1,BCC+B2,7.1,642.8687619,1597,116.9810808
Al1 Mo0.5 Nb1 Ta0.5 Ti1 Zr1,BCC+B2,7.1,642.8687619,745,116.9810808
Al1 Mo0.5 Nb1 Ta0.5 Ti1 Zr1,BCC+B2,7.1,642.8687619,250,116.9810808
Al0.667 Nb1 Ta0.333 Ti1 Zr0.333,BCC,6.8,408,1280,105
Al0.667 Nb1 Ta0.333 Ti1 Zr0.333,BCC,6.8,432.4312698,728,105
Al0.667 Nb1 Ta0.333 Ti1 Zr0.333,BCC,6.8,432.4312698,403,105
Al0.3 Hf1 Nb1 Ta1 Ti1 Zr1,BCC,9.5,353,1188,105
Al0.5 Hf1 Nb1 Ta1 Ti1 Zr1,BCC,9.3,396,1302,104
Al0.75 Hf1 Nb1 Ta1 Ti1 Zr1,BCC,9.1,427,1415,103
Al1 Hf1 Nb1 Ta1 Ti1 Zr1,BCC+Sec.,8.9,441,1489,101.0465268
Hf1 Nb1 Ta1 Ti1 Zr1,BCC,9.9,295,1073,107
Al0.25 Mo1 Nb1 Ti1 V1,BCC,7.1,460,1250,161
Al0.5 Mo1 Nb1 Ti1 V1,BCC,6.8,487,1625,156
Al0.75 Mo1 Nb1 Ti1 V1,BCC,6.6,517,1260,151
Al1 Mo1 Nb1 Ti1 V1,BCC,6.4,537,1375,147
Mo1 Nb1 Ti1 V1,BCC,7.3,441,1200,167
Al0.25 Nb1 Ta1 Ti1 V1,BCC,8.8,456.9430593,1330,130
Al0.5 Nb1 Ta1 Ti1 V1,BCC,8.5,458.2561704,1014,127
Al1 Nb1 Ta1 Ti1 V1,BCC,7.9,480.3461344,993,122
Nb1 Ta1 Ti1 V1,BCC,9.2,456.735037,1092,134
Al1 Nb1 Ti1 V1,BCC,5.5,448,1020,104
Al1 Nb1 Ti1 V1,BCC,5.5,460.8848,810,104
Al1 Nb1 Ti1 V1,BCC,5.5,460.8848,685,104
Al1 Nb1 Ti1 V1,BCC,5.5,460.8848,158,104
Cr1 Mo0.5 Nb1 Ta0.5 Ti1 Zr1,BCC+BCC+Sec.,8,540,1595,153.4248238
Cr1 Mo0.5 Nb1 Ta0.5 Ti1 Zr1,BCC+BCC+Sec.,8,578.293,983,153.4248238
Cr1 Mo0.5 Nb1 Ta0.5 Ti1 Zr1,BCC+BCC+Sec.,8,578.293,546,153.4248238
Cr1 Mo0.5 Nb1 Ta0.5 Ti1 Zr1,BCC+BCC+Sec.,8,578.293,170,153.4248238
Cr1 Nb1 Ti1 V1 Zr1,BCC+Sec.,6.6,482,1298,130.594757
Cr1 Nb1 Ti1 V1 Zr1,BCC+Sec.,6.6,454.8622222,1230,130.594757
Cr1 Nb1 Ti1 V1 Zr1,BCC+Sec.,6.6,454.8622222,615,130.594757
Cr1 Nb1 Ti1 V1 Zr1,BCC+Sec.,6.6,454.8622222,259,130.594757
Cr1 Nb1 Ti1 Zr1,BCC+Sec.,6.6,418,1260,128.5975065
Cr1 Nb1 Ti1 Zr1,BCC+Sec.,6.6,416.956,1035,128.5975065
Cr1 Nb1 Ti1 Zr1,BCC+Sec.,6.6,416.956,300,128.5975065
Cr1 Nb1 Ti1 Zr1,BCC+Sec.,6.6,416.956,115,128.5975065
Nb0.5 Ti0.5 V1 Zr0.5,BCC,6.4,304,918,105
Nb0.5 Ti0.5 V1 Zr0.5,BCC,6.4,337.8257333,571,105
Nb0.5 Ti0.5 V1 Zr0.5,BCC,6.4,337.8257333,240,105
Nb0.5 Ti0.5 V1 Zr0.5,BCC,6.4,337.8257333,72,105
Nb1 Ti1 V1 Zr1,BCC,6.5,335,1105,100
Nb1 Ti1 V1 Zr1,BCC,6.5,346.3788,834,100
Nb1 Ti1 V1 Zr1,BCC,6.5,346.3788,187,100
Nb1 Ti1 V1 Zr1,BCC,6.5,346.3788,58,100
Hf0.5 Mo0.5 Nb1 Ti1 Zr1,BCC,7.9,422.1973333,1176,115
C0.1 Hf0.5 Mo0.5 Nb1 Ti1 Zr1,BCC+Sec.,7.8,445.7069444,1183,114.7236455
C0.3 Hf0.5 Mo0.5 Nb1 Ti1 Zr1,BCC+Sec.,7.7,488.7853333,1201,114.2940436
Hf1 Mo0.25 Nb1 Ta1 Ti1 Zr1,BCC,9.9,395,1112,115
Hf1 Mo0.5 Nb1 Ta1 Ti1 Zr1,BCC,9.9,480,1317,123
Hf1 Mo0.75 Nb1 Ta1 Ti1 Zr1,BCC,9.9,492,1373,130
Hf1 Mo1 Nb1 Ta1 Ti1 Zr1,BCC,9.9,505,1512,137
Hf1 Nb1 Ta1 Ti1 Zr1,BCC,9.9,335,1015,107
Hf1 Mo1 Nb1 Ta1 Ti1 Zr1,BCC,9.9,505,1512,137
Hf1 Mo1 Nb1 Ta1 Ti1 Zr1,BCC,9.9,519.6967778,1007,137
Hf1 Mo1 Nb1 Ta1 Ti1 Zr1,BCC,9.9,519.6967778,814,137
Hf1 Mo1 Nb1 Ta1 Ti1 Zr1,BCC,9.9,519.6967778,556,137
Hf1 Mo1 Ta1 Ti1 Zr1,BCC,10.2,542,1600,143
Hf1 Mo1 Ta1 Ti1 Zr1,BCC,10.2,510.0876667,1045,143
Hf1 Mo1 Ta1 Ti1 Zr1,BCC,10.2,510.0876667,855,143
Hf1 Mo1 Ta1 Ti1 Zr1,BCC,10.2,510.0876667,404,143
Hf1 Mo1 Nb1 Ti1 Zr1,BCC,8.7,494.8125,1575,128
Hf1 Mo1 Nb1 Ti1 Zr1,BCC,8.7,494.8125,825,128
Hf1 Mo1 Nb1 Ti1 Zr1,BCC,8.7,494.8125,635,128
Hf1 Mo1 Nb1 Ti1 Zr1,BCC,8.7,494.8125,187,128
Hf1 Mo1 Nb1 Ti1 Zr1,BCC,8.7,494.8125,1719,128
Hf1 Nb1 Si0.5 Ti1 V1,BCC+Sec.,7.8,476.7292963,875,95.8059974
Hf1 Nb1 Si0.5 Ti1 V1,BCC+Sec.,7.8,476.7292963,240,95.8059974
Hf1 Nb1 Si0.5 Ti1 V1,BCC+Sec.,7.8,490,1399,95.8059974
Hf0.333 Nb0.333 Ta0.333 Ti1 Zr0.667,BCC,8.2,301,903,103
Hf1 Nb1 Ta1 Ti1 Zr1,BCC,9.9,351.0332345,929,107
Hf1 Nb1 Ta1 Ti1 Zr1,BCC,9.9,351.0332345,790,107
Hf1 Nb1 Ta1 Ti1 Zr1,BCC,9.9,351.0332345,675,107
Hf1 Nb1 Ta1 Ti1 Zr1,BCC,9.9,351.0332345,535,107
Hf1 Nb1 Ta1 Ti1 Zr1,BCC,9.9,351.0332345,295,107
Hf1 Nb1 Ta1 Ti1 Zr1,BCC,9.9,351.0332345,92,107
Hf1 Nb1 Ti1 Zr1,BCC,8.4,369.4295556,879,89
Mo1 Nb1 Ta1 V1,BCC,10.7,504,1525,186
Mo1 Nb1 Ta1 V1 W1,BCC,12.4,536,1246,229
Mo1 Nb1 Ta1 V1 W1,BCC,12.4,591.8107881,862,229
Mo1 Nb1 Ta1 V1 W1,BCC,12.4,591.8107881,846,229
Mo1 Nb1 Ta1 V1 W1,BCC,12.4,591.8107881,842,229
Mo1 Nb1 Ta1 V1 W1,BCC,12.4,591.8107881,735,229
Mo1 Nb1 Ta1 V1 W1,BCC,12.4,591.8107881,656,229
Mo1 Nb1 Ta1 V1 W1,BCC,12.4,591.8107881,477,229
Mo1 Nb1 Ta1 W1,BCC,13.7,454,1058,250
Mo1 Nb1 Ta1 W1,BCC,13.7,410.225004,561,250
Mo1 Nb1 Ta1 W1,BCC,13.7,410.225004,552,250
Mo1 Nb1 Ta1 W1,BCC,13.7,410.225004,548,250
Mo1 Nb1 Ta1 W1,BCC,13.7,410.225004,506,250
Mo1 Nb1 Ta1 W1,BCC,13.7,410.225004,421,250
Mo1 Nb1 Ta1 W1,BCC,13.7,410.225004,405,250
Mo0.3 Nb1 Ti1 V1 Zr1,BCC,6.7,530.072,1289,114
Mo0.5 Nb1 Ti1 V1 Zr1,BCC,6.8,535.5176667,1473,122
Mo0.7 Nb1 Ti1 V1 Zr1,BCC,6.9,552.18,1706,130
Mo1 Nb0.769 Ti0.769 V0.769 Zr0.769,BCC,7.3,538.4171667,1496,150
Mo1 Nb0.667 Ti0.667 V0.667 Zr0.667,BCC,7.4,544.4844444,1603,156
Mo1 Nb0.588 Ti0.588 V0.588 Zr0.588,BCC,7.5,552.1977778,1645,161
Mo1 Nb0.5 Ti0.5 V0.5 Zr0.5,BCC,7.6,570.6204206,1765,169
Mo1 Nb1 Ti1 V1 Zr1,BCC,7.1,563.6735,1779,141
Mo1 Nb1 Ti1 V0.3 Zr1,BCC,7.2,524.0158333,1455,142
Mo0.1 Nb1 Ti1 V0.3 Zr1,BCC,6.6,465.4363333,932,102
Mo0.3 Nb1 Ti1 V0.3 Zr1,BCC,6.8,528.3113333,1312,112
Mo0.5 Nb1 Ti1 V0.3 Zr1,BCC,6.9,532.111,1301,122
Mo0.7 Nb1 Ti1 V0.3 Zr1,BCC,7.1,518.3703333,1436,130
Mo1 Nb0.769 Ti0.769 V0.231 Zr0.769,BCC,7.4,520.3421667,1603,153
Mo1 Nb0.667 Ti0.667 V0.2 Zr0.667,BCC,7.5,524.7519444,1576,159
Nb1 Ti1 V0.3 Zr1,BCC,6.5,385.4401968,866,96
Nb1 Ti1 V1 Zr1,BCC,6.5,346.3788,1104,100
Mo1 Nb1 Ti1 V0.25 Zr1,BCC,7.3,491.4731111,1776,142
Mo1 Nb1 Ti1 V0.5 Zr1,BCC,7.2,527.5531667,1647,142
Mo1 Nb1 Ti1 V0.75 Zr1,BCC,7.2,557.7045,1708,141
Mo1 Nb1 Ti1 V1 Zr1,BCC,7.1,563.6735,1786,141
Mo0.667 Nb0.667 Ti0.667 V1 Zr0.667,BCC,7.1,562.4611667,1735,140
Mo0.5 Nb0.5 Ti0.5 V1 Zr0.5,BCC,7,572.6545,1538,139
Mo0.333 Nb0.333 Ti0.333 V1 Zr0.333,BCC,6.9,573.059,1418,138
Mo1 Nb1 Ti1 Zr1,BCC,7.3,460.6669444,1592,143
Co1 Fe1 Mo0.2 Ni1 V1,FCC+Sec.,8,267,540.8594345,192.7657663
Co1 Fe1 Mo0.4 Ni1 V1,FCC+Sec.,8.1,402,1049.97247,198.9180177
Co1 Fe1 Mo0.6 Ni1 V1,FCC+Sec.,8.2,557,1759.985579,204.6423328
Co1 Fe1 Mo0.8 Ni1 V1,FCC+Sec.,8.3,606,1841.85893,209.9922034
Co0.833 Fe0.833 Mo0.833 Ni1 V0.833,FCC+Sec.,8.4,602,1893.391495,214.1798267
Co0.714 Fe0.714 Mo0.714 Ni1 V0.714,FCC+Sec.,8.5,538,1848.639242,214.6413758
Co0.625 Fe0.625 Mo0.625 Ni1 V0.625,FCC+Sec.,8.5,520,1810.569616,213.9291226
Co0.556 Fe0.556 Mo0.556 Ni1 V0.556,FCC+Sec.,8.5,510,1642.178468,213.2686794
Co0.5 Fe0.5 Mo0.5 Ni1 V0.5,FCC+Sec.,8.5,382,875.0340239,212.6433322
Co1 Fe1 Mo1 Ni1 V1,FCC+Sec.,8.4,625,1948.284496,215.012563
Co1 Fe1 Ni1 V1,FCC,7.8,238,459.8850427,184
Al0.125 Co1 Cr1 Cu1 Fe1 Mn1 Ni1 Ti1 V1,FCC+BCC,7.2,682.6212778,1862,178.5124203
Al0.25 Co1 Cr1 Cu1 Fe1 Mn1 Ni1 Ti1 V1,BCC,7.1,685.7472778,1465,174
Al0.667 Co1 Cr1 Cu1 Fe1 Mn1 Ni1 Ti1 V1,BCC+Sec.,6.8,681.0486111,1461,169.4242223
Co1 Cr1 Cu1 Fe1 Mn1 Ni1 Ti1 V1,FCC+BCC+Sec.,7.3,676.9659444,1312,180.7838721
Cu1 Mn1 Ni1 Zn0.333,FCC,8.3,147,215,167
Cu1 Mn1 Ni1 Zn0.25,FCC,8.3,109,140,169
Al0.111 Cu1 Mn1 Ni1,FCC+Sec.,8.1,241,515,169.2862934
Cu1 Mn1 Ni1 Sn0.111,FCC+Sec.,8.3,318,630,166.4458036
Al0.053 Cu1 Mn1 Ni1,FCC,8.3,166,330,173
Cu1 Mn1 Ni1 Sn0.053,FCC+Sec.,8.4,205,380,171.4945215
Al0.5 Co1 Cr1 Cu1 Fe1 Ni1,FCC,7.6,201.8890222,150,189
Al0.5 Co1 Cr1 Cu1 Fe1 Ni1,FCC,7.6,201.8890222,388,189
Al0.5 Co1 Cr1 Cu1 Fe1 Ni1,FCC,7.6,201.8890222,411,189
Al0.5 Co1 Cr1 Cu1 Fe1 Ni1,FCC,7.6,201.8890222,421,189
Al0.5 Co1 Cr1 Cu1 Fe1 Ni1,FCC,7.6,201.8890222,426,189
Al0.5 Co1 Cr1 Cu1 Fe1 Ni1,FCC,7.6,201.8890222,230,189
Al0.5 Co1 Cr1 Cu1 Fe1 Ni1,FCC,7.6,201.8890222,80,189
Al1 Co0.5 Cr0.5 Cu0.5 Fe0.5 Ni0.5,BCC,6.3,571.2214444,116,156
Al1 Co0.5 Cr0.5 Cu0.5 Fe0.5 Ni0.5,BCC,6.3,571.2214444,79,156
Al1 Co0.5 Cr0.5 Cu0.5 Fe0.5 Ni0.5,BCC,6.3,571.2214444,1620,156
Al1 Co0.5 Cr0.5 Cu0.5 Fe0.5 Ni0.5,BCC,6.3,571.2214444,805,156
Al1 Co0.5 Cr0.5 Cu0.5 Fe0.5 Ni0.5,BCC,6.3,571.2214444,1120,156
Al1 Co0.5 Cr0.5 Cu0.5 Fe0.5 Ni0.5,BCC,6.3,571.2214444,567,156
Al1 Co0.5 Cr0.5 Cu0.5 Fe0.5 Ni0.5,BCC,6.3,571.2214444,214,156
Al1 Co0.5 Cr0.5 Cu0.5 Fe0.5 Ni0.5,BCC,6.3,571.2214444,302,156
Al1 Co1 Cr1 Cu1 Fe1 Ni1,FCC+BCC,7.1,465.2437778,47,175.3746079
Al1 Co1 Cr1 Cu1 Fe1 Ni1,FCC+BCC,7.1,465.2437778,948,175.3746079
Al1 Co1 Cr1 Cu1 Fe1 Ni1,FCC+BCC,7.1,465.2437778,561,175.3746079
Al1 Co1 Cr1 Cu1 Fe1 Ni1,FCC+BCC,7.1,465.2437778,307,175.3746079
Al1 Co1 Cr1 Cu1 Fe1 Ni1,FCC+BCC,7.1,465.2437778,172,175.3746079
Al1 Co1 Cr1 Cu1 Fe1 Ni1,FCC+BCC,7.1,465.2437778,98,175.3746079
Al1 Cr1 Mo1 Nb1 Ti1,BCC,6.6,736.8247249,727.857659,170
Al1 Cr1 Mo1 Nb1 Ti1,BCC,6.6,736.8247249,1080,170
Al1 Cr1 Mo1 Nb1 Ti1,BCC,6.6,736.8247249,1060,170
Al1 Cr1 Mo1 Nb1 Ti1,BCC,6.6,736.8247249,860,170
Al1 Cr1 Mo1 Nb1 Ti1,BCC,6.6,736.8247249,594,170
Al1 Cr1 Mo1 Nb1 Ti1,BCC,6.6,736.8247249,105,170
Al1 Cr1 Mo1 Nb1 Ti1,BCC,6.6,736.8247249,930,170
Al1 Cr1 Mo1 Nb1 Ti1,BCC,6.6,736.8247249,875,170
Al1 Cr1 Mo1 Nb1 Ti1,BCC,6.6,736.8247249,550,170
Al1 Cr1 Mo1 Nb1 Ti1,BCC,6.6,736.8247249,150,170
Al1 Cr1 Mo1 Ti1,BCC,6,695.3128889,1070,189
Al1 Cr1 Mo1 Ti1,BCC,6,695.3128889,1020,189
Al1 Cr1 Mo1 Ti1,BCC,6,695.3128889,875,189
Al1 Cr1 Mo1 Ti1,BCC,6,695.3128889,375,189
Al1 Cr1 Mo1 Ti1,BCC,6,695.3128889,100,189
Al1 Mo1 Nb1 Ti1,BCC,6.5,564.3032222,520,151
Al1 Mo1 Nb1 Ti1,BCC,6.5,564.3032222,500,151
Al1 Mo1 Nb1 Ti1,BCC,6.5,564.3032222,540,151
Al1 Mo1 Nb1 Ti1,BCC,6.5,564.3032222,200,151
Al1 Nb1 Ti1 V1,B2,5.5,455.4636444,780,103.2401512
Al1 Nb1 Ti1 V1,B2,5.5,455.4636444,560,103.2401512
Al1 Nb1 Ti1 V1,B2,5.5,455.4636444,1000,103.2401512
Al1 Nb1 Ti1 V1 Zr1,B2+Laves+Sec.,5.8,465.6568688,1155,94.16912837
Al1 Nb1 Ti1 V1 Zr1,B2+Laves+Sec.,5.8,465.6568688,550,94.16912837
Al1 Nb1 Ti1 V1 Zr1,B2+Laves+Sec.,5.8,465.6568688,1500,94.16912837
Al1 Nb1 Ti1 V1 Zr0.1,B2+Sec.,5.5,459.3155333,975,101.6716846
Al1 Nb1 Ti1 V1 Zr0.1,B2+Sec.,5.5,459.3155333,865,101.6716846
Al1 Nb1 Ti1 V1 Zr0.1,B2+Sec.,5.5,459.3155333,1290,101.6716846
Al1 Nb1 Ti1 V1 Zr0.25,B2+Sec.,5.6,439.0561704,1065,100.6373898
Al1 Nb1 Ti1 V1 Zr0.25,B2+Sec.,5.6,439.0561704,855,100.6373898
Al1 Nb1 Ti1 V1 Zr0.25,B2+Sec.,5.6,439.0561704,1360,100.6373898
Al1 Nb1 Ti1 V1 Zr0.5,B2+Laves+Sec.,5.6,437.5181037,1135,97.25317913
Al1 Nb1 Ti1 V1 Zr0.5,B2+Laves+Sec.,5.6,437.5181037,675,97.25317913
Al1 Nb1 Ti1 V1 Zr0.5,B2+Laves+Sec.,5.6,437.5181037,1485,97.25317913
Al0.667 Nb0.667 Ti0.667 V0.667 Zr1,B2+Laves+Sec.,5.8,452.8009778,1195,90.37334814
Al0.667 Nb0.667 Ti0.667 V0.667 Zr1,B2+Laves+Sec.,5.8,452.8009778,180,90.37334814
Al0.667 Nb0.667 Ti0.667 V0.667 Zr1,B2+Laves+Sec.,5.8,452.8009778,1535,90.37334814
Co1 Cr1 Mo1 Nb1,BCC+Laves,8.8,646.9264788,1442.625846,226.5350333
Co1 Cr1 Mo1 Nb1 Ti1,BCC+Laves,7.8,585.7242011,1232.828098,199.7643866
Co1 Cr1 Mo1 Nb1 Ti0.2,BCC+Laves,8.5,601.2659074,1343.072471,219.3685273
Co1 Cr1 Mo1 Nb1 Ti0.4,BCC,8.3,604.3040344,1333.641722,212
Co1 Cr1 Mo1 Nb1 Ti0.5,BCC+Laves,8.2,608.1397011,1365.339807,211.0934469
Cr1 Hf1 Nb1 Ti1 Zr1,BCC+Laves,8.2,447.0962338,1457,119.7152127
Cr1 Hf1 Nb1 Ti1 Zr1,BCC+Laves,8.2,447.0962338,1420,119.7152127
Cr1 Hf1 Nb1 Ti1 Zr1,BCC+Laves,8.2,447.0962338,1328,119.7152127
Cr1 Hf1 Nb1 Ti1 Zr1,BCC+Laves,8.2,447.0962338,1322,119.7152127
Cr1 Hf1 Nb1 Ti1 Zr1,BCC+Laves,8.2,447.0962338,1375,119.7152127
Hf1 Nb1 Ti1 V1 Zr1,BCC+Laves,8.1,457.5868519,1157,95.68490043
Hf1 Nb1 Ti1 V1 Zr1,BCC,8.1,457.5868519,1253,95
Hf1 Nb1 Ti1 V1 Zr1,BCC,8.1,457.5868519,1140,95
Hf1 Nb1 Ti1 V1 Zr1,BCC,8.1,457.5868519,1120,95
Hf1 Nb1 Ti1 V1 Zr1,BCC+Laves,8.1,457.5868519,1170,95.68490043
Cr1 Ta1 Ti0.17 V1 W1,BCC+Laves,12.6,715,2034,247.3647476
Cr1 Ta1 Ti0.17 V1 W1,BCC+Laves,12.6,725.6523889,750,247.3647476
Cr1 Ta1 Ti0.3 V1 W1,BCC+Laves,12.3,780,2050,242.4647901
Cr1 Ta1 Ti0.3 V1 W1,BCC+Laves,12.3,749.4156032,586,242.4647901
Cr1 Ta1 V1 W1,BCC+Laves,13,715,2327,253.9841421
Cr1 Ta1 V1 W1,BCC+Laves,13,727.7701111,979,253.9841421
Hf0.26 Nb1 Ta1 Ti0.578 Zr0.416,BCC,10.4,369.8621111,795,122
Hf0.26 Nb1 Ta1 Ti0.578 Zr0.416,BCC,10.4,369.8621111,765,122
Hf0.26 Nb1 Ta1 Ti0.578 Zr0.416,BCC,10.4,369.8621111,650,122
Hf0.26 Nb1 Ta1 Ti0.578 Zr0.416,BCC,10.4,369.8621111,590,122
Hf0.26 Nb1 Ta1 Ti0.578 Zr0.416,BCC,10.4,369.8621111,845,122
Hf0.5 Mo0.5 Nb1 Si0.1 Ti1 Zr1,BCC+Sec.,7.7,442,1350,112.7869016
Hf0.5 Mo0.5 Nb1 Si0.3 Ti1 Zr1,BCC+Sec.,7.5,494,1370,109.8003813
Hf0.5 Mo0.5 Nb1 Si0.5 Ti1 Zr1,BCC+Sec.,7.2,524,1600,105.6471512
Hf0.5 Mo0.5 Nb1 Si0.7 Ti1 Zr1,BCC+Sec.,7,580,1550,102.7529198
Hf0.5 Mo0.5 Nb1 Si0.9 Ti1 Zr1,BCC+Sec.,6.8,640,1650,99.89642143
Hf0.5 Mo0.5 Nb1 Ti1 Zr1,BCC+Sec.,7.9,400,1150,115.5169566
Hf0.5 Nb0.667 Ta0.333 Ti1 Zr0.833,BCC,8.4,387.5017778,2250,100
Hf0.5 Nb0.667 Ta0.333 Ti1 Zr0.833,BCC,8.4,387.5017778,2210,100
Hf0.5 Nb0.667 Ta0.333 Ti1 Zr0.833,BCC,8.4,387.5017778,1880,100
Hf0.5 Nb0.667 Ta0.333 Ti1 Zr0.833,BCC,8.4,387.5017778,1750,100
Hf0.5 Nb0.667 Ta0.333 Ti1 Zr0.833,BCC,8.4,387.5017778,1640,100
Hf0.5 Nb0.667 Ta0.333 Ti1 Zr0.833,BCC,8.4,387.5017778,1550,100
Hf0.5 Nb0.667 Ta0.333 Ti1 Zr0.833,BCC,8.4,387.5017778,1380,100
Hf0.5 Nb0.667 Ta0.333 Ti1 Zr0.833,BCC,8.4,387.5017778,1370,100
Hf0.5 Nb0.667 Ta0.333 Ti1 Zr0.833,BCC,8.4,387.5017778,1200,100
Hf0.5 Nb0.667 Ta0.333 Ti1 Zr0.833,BCC,8.4,387.5017778,1180,100
Hf0.5 Nb0.667 Ta0.333 Ti1 Zr0.833,BCC,8.4,387.5017778,1040,100
Hf0.5 Nb0.667 Ta0.333 Ti1 Zr0.833,BCC,8.4,387.5017778,1020,100
Hf0.5 Nb0.667 Ta0.333 Ti1 Zr0.833,BCC,8.4,387.5017778,1150,100
Hf0.5 Nb0.667 Ta0.333 Ti1 Zr0.833,BCC,8.4,387.5017778,1100,100
Hf0.5 Nb0.667 Ta0.333 Ti1 Zr0.833,BCC,8.4,387.5017778,2390,100
Hf0.5 Nb0.667 Ta0.333 Ti1 Zr0.833,BCC,8.4,387.5017778,1920,100
Hf0.5 Nb0.667 Ta0.333 Ti1 Zr0.833,BCC,8.4,387.5017778,1370,100
Hf0.5 Nb0.667 Ta0.333 Ti1 Zr0.833,BCC,8.4,387.5017778,1250,100
Hf0.5 Nb0.667 Ta0.333 Ti1 Zr0.833,BCC,8.4,387.5017778,1020,100
Hf0.5 Nb0.667 Ta0.333 Ti1 Zr0.833,BCC,8.4,387.5017778,640,100
Hf0.5 Nb0.667 Ta0.333 Ti1 Zr0.833,BCC,8.4,387.5017778,890,100
Hf1 Mo0.5 Nb1 Si0.3 Ti1 V0.5,BCC+Sec.,8.5,543.0970354,398,119.287301
Hf1 Mo0.5 Nb1 Si0.3 Ti1 V0.5,BCC+Sec.,8.5,543.0970354,1617,119.287301
Hf1 Mo0.5 Nb1 Si0.3 Ti1 V0.5,BCC+Sec.,8.5,543.0970354,166,119.287301
Hf1 Mo0.5 Nb1 Si0.5 Ti1 V0.5,BCC+Sec.,8.2,570.2746211,614,115.2406721
Hf1 Mo0.5 Nb1 Si0.5 Ti1 V0.5,BCC+Sec.,8.2,570.2746211,1787,115.2406721
Hf1 Mo0.5 Nb1 Si0.5 Ti1 V0.5,BCC+Sec.,8.2,570.2746211,188,115.2406721
Hf1 Mo0.5 Nb1 Si0.7 Ti1 V0.5,BCC+Sec.,7.9,594.3307537,673,111.2318936
Hf1 Mo0.5 Nb1 Si0.7 Ti1 V0.5,BCC+Sec.,7.9,594.3307537,2134,111.2318936
Hf1 Mo0.5 Nb1 Si0.7 Ti1 V0.5,BCC+Sec.,7.9,594.3307537,235,111.2318936
Hf1 Mo0.5 Nb1 Ti1 V0.5,BCC,9,509.4933333,368,126
Hf1 Mo0.5 Nb1 Ti1 V0.5,BCC,9,509.4933333,60,126
Hf1 Mo0.5 Nb1 Ti1 V0.5,BCC,9,509.4933333,1260,126
Hf0.787 Nb0.142 Ta0.142 Ti1 Zr0.787,BCC,8.5,345.744,540,92
Al0.25 Nb1 Ta1 Ti1 Zr1,BCC+B2,8.6,415.6575556,366,113.142698
Al0.25 Nb1 Ta1 Ti1 Zr1,BCC+B2,8.6,415.6575556,1745,113.142698
Al0.5 Mo0.5 Nb1 Ta0.5 Ti1 Zr1,BCC+B2,7.6,507.298,579,122.8197633
Al0.5 Mo0.5 Nb1 Ta0.5 Ti1 Zr1,BCC+B2,7.6,507.298,2350,122.8197633
Al1 Mo0.5 Nb1 Ta0.5 Ti1 Zr1,BCC+B2,7.1,642.8687619,2197,116.9810808
Al1 Mo0.5 Nb1 Ta0.5 Ti1 Zr0.5,B2,7.2,629.8584286,935,124.4161295
Al1 Mo0.5 Nb1 Ta0.5 Ti1 Zr0.5,B2,7.2,629.8584286,952.9344296,124.4161295
Al1 Nb1 Ta0.5 Ti1 Zr0.5,B2,6.9,431.8496402,535,103.0943361
Al1 Nb1 Ta0.5 Ti1 Zr0.5,B2,6.9,431.8496402,1352,103.0943361
Hf1 Nb1 Si0.5 Ti1 V1 Zr1,BCC+Laves+Sec.,7.5,594.1403608,1273,89.12157448
Hf1 Nb1 Si0.5 Ti1 V1 Zr1,BCC+Laves+Sec.,7.5,594.1403608,597,89.12157448
Hf1 Nb1 Si0.5 Ti1 V1 Zr1,BCC+Laves+Sec.,7.5,594.1403608,102,89.12157448
Hf1 Nb1 Si0.5 Ti1 V1 Zr1,BCC+Laves+Sec.,7.5,594.1403608,1483,89.12157448
Hf1 Nb1 Si0.5 Ti1 V1 Zr1,BCC+Laves+Sec.,7.5,594.1403608,920,89.12157448
Hf1 Nb1 Si0.5 Ti1 V1 Zr1,BCC+Laves+Sec.,7.5,594.1403608,371,89.12157448
Hf1 Nb1 Si0.5 Ti1 V1 Zr1,BCC+Laves+Sec.,7.5,594.1403608,1540,89.12157448
Hf1 Nb1 Ta1 Ti1 Zr1,BCC,9.9,420,1900,107
Hf1 Nb1 Ta1 Ti1 Zr1,BCC+HCP,9.9,530,1520,106.8428717
Hf1 Nb1 Ta1 Ti1 Zr1,BCC+BCC+HCP,9.9,340,795,106.8428717
Hf1 Nb1 Ta1 Ti1 Zr1,BCC,9.9,309,830,107
Hf1 Nb1 Ta1 Ti1 Zr1,BCC,9.9,366,1202,107
Hf1 Nb1 Ta1 Ti1 Zr1,BCC+BCC,9.9,432.2618413,1303,106.8428717
Hf1 Nb1 Ta1 Ti1 Zr1,BCC,9.9,351,1145,107
Hf1 Nb1 Ta1 Ti1 Zr1,BCC,9.9,351.0332345,958,107
Hf1 Nb1 Ta1 Ti1 Zr1,BCC,9.9,351.0332345,944,107
Hf1 Nb1 Ta1 Ti1 Zr1,BCC,9.9,351.0332345,940,107
Hf1 Nb1 Ta1 Ti1 Zr1,BCC,9.9,351.0332345,940,107
Hf1 Nb1 Ta1 Ti1 Zr1,BCC,9.9,351.0332345,905,107
Hf1 Nb1 Ta1 Ti1 Zr1,BCC,9.9,351.0332345,890,107
Hf1 Nb1 Ta1 Ti1 Zr1,BCC,9.9,351.0332345,828,107
Hf1 Nb1 Ta1 Ti1 Zr1,BCC,9.9,351.0332345,827,107
Hf1 Nb1 Ta1 Ti1 Zr1,BCC,9.9,351.0332345,820,107
Hf1 Nb1 Ta1 Ti1 Zr1,BCC,9.9,351.0332345,803,107
Al0.2 Mo1 Ta1 Ti1 V1,BCC,9.3,539.2379444,1021,183
Al0.6 Mo1 Ta1 Ti1 V1,BCC,8.7,577.8184444,962,173
Al1 Mo1 Ta1 Ti1 V1,BCC,8.2,639.4115397,1015.447728,165
Mo1 Ta1 Ti1 V1,BCC,9.6,522.9491111,1221,189
Hf1 Nb1 Ta1 Zr1,BCC+HCP,11.1,571,2310,103.9632482
Hf1 Nb1 Ta1 Zr1,BCC+HCP,11.1,536,2100,103.9632482
Hf1 Nb1 Ta1 Zr1,BCC+HCP,11.1,548.0513333,2020,103.9632482
Hf1 Nb1 Ta1 Zr1,BCC+HCP,11.1,550,1950,103.9632482
Hf1 Nb1 Ta1 Zr1,BCC,11.1,365,1315,105
Hf1 Ta0.4 Ti1 Zr1,BCC+HCP,9.2,342.039873,400,93.36077796
Hf1 Ta0.5 Ti1 Zr1,BCC+HCP,9.4,362.9119841,700,96.10759565
Hf1 Ta0.6 Ti1 Zr1,BCC+HCP,9.6,370.1030952,800,98.83798499
Hf1 Ta1 Ti1 Zr1,BCC,10.2,343.5274892,1500,107
Mo1 Nb1 Ta1 Ti0.25 W1,BCC,13.1,478.3,1109,242
Mo1 Nb1 Ta1 Ti0.5 W1,BCC,12.6,481.2,1211,234
Mo1 Nb1 Ta1 Ti0.75 W1,BCC,12.2,495.6,1304,228
Mo1 Nb1 Ta1 Ti1 W1,BCC,11.8,507.5,1455,222
Mo1 Nb1 Ta1 W1,BCC,13.7,410.225004,996,250
Mo1 Nb1 Ta1 Ti1 V1,BCC,9.4,576.1622778,1400,171
Mo1 Nb1 Ta1 Ti1 V1 W1,BCC,11,696.5141389,973,209
Mo1 Nb1 Ta1 Ti1 V1 W1,BCC,11,696.5141389,791.3,209
Mo1 Nb1 Ta1 Ti1 V1 W1,BCC,11,696.5141389,752.8,209
Mo1 Nb1 Ta1 Ti1 V1 W1,BCC,11,696.5141389,659,209
Mo1 Nb1 Ta1 Ti1 V1 W1,BCC,11,696.5141389,1515,209
Mo1 Nb1 Ta1 Ti1 W1,BCC,11.8,480.4580238,689,222
Mo1 Nb1 Ta1 Ti1 W1,BCC,11.8,480.4580238,674,222
Mo1 Nb1 Ta1 Ti1 W1,BCC,11.8,480.4580238,620,222
Mo1 Nb1 Ta1 Ti1 W1,BCC,11.8,480.4580238,586,222
Mo1 Nb1 Ta1 Ti1 W1,BCC,11.8,480.4580238,1343,222
Mo1 Nb1 Ta1 Ti1 Zr1,BCC+BCC,9.1,509.5901825,1390,150.3750532
Mo1 Nb1 Ta1 Ti1 Zr1,BCC+BCC,9.1,509.5901825,1100,150.3750532
Mo1 Nb1 Ta1 Ti1 Zr1,BCC+BCC,9.1,509.5901825,1375,150.3750532
Mo1 Nb1 Ta1 V1 W1,BCC,12.4,591.8107881,2612,229
Nb1 Ta1 Ti1 V1,BCC,9.2,456.735037,965,134
Nb1 Ta1 Ti1 V1 W1,BCC,11.1,578.5330476,1420,187
Nb1 Ta1 V1 W1,BCC,12.9,563.5128254,1530,206
Al0.25 Cr0.5 Nb0.5 Ti1 V0.25,BCC+Laves,5.8,441.4853333,930,135.8953029
Al0.25 Cr0.5 Nb0.5 Ti1 V0.25,BCC+Laves,5.8,441.4853333,445,135.8953029
Al0.25 Cr0.5 Nb0.5 Ti1 V0.25,BCC+Laves,5.8,441.4853333,90,135.8953029
Al0.25 Cr0.5 Nb0.5 Ti1 V0.25,BCC+Laves,5.8,441.4853333,1340,135.8953029
Al0.25 Cr0.5 Nb0.5 Ti1 V0.25,BCC,5.8,441.4853333,1240,134
Al1 Cr0.5 Nb1 Ti1 V1,BCC,5.6,460.0474921,1005,119
Al1 Cr0.5 Nb1 Ti1 V1,BCC,5.6,460.0474921,640,119
Al1 Cr0.5 Nb1 Ti1 V1,BCC,5.6,460.0474921,40,119
Al1 Cr0.5 Nb1 Ti1 V1,BCC,5.6,460.0474921,1300,119
Al0.667 Cr1 Nb0.667 Ti0.667 V0.667,BCC+Laves,5.9,493.3062476,1370,145.6328831
Al0.667 Cr1 Nb0.667 Ti0.667 V0.667,BCC+Laves,5.9,493.3062476,970,145.6328831
Al0.667 Cr1 Nb0.667 Ti0.667 V0.667,BCC+Laves,5.9,493.3062476,75,145.6328831
Al0.667 Cr1 Nb0.667 Ti0.667 V0.667,BCC+Laves,5.9,493.3062476,1700,145.6328831
Al1 Cr1 Nb1 Ti1 V1,BCC+Laves,5.8,494.3638476,1015,134.89714
Al1 Cr1 Nb1 Ti1 V1,BCC+Laves,5.8,494.3638476,860,134.89714
Al1 Cr1 Nb1 Ti1 V1,BCC+Laves,5.8,494.3638476,65,134.89714
Al1 Cr1 Nb1 Ti1 V1,BCC+Laves,5.8,494.3638476,1550,134.89714
Al1 Nb1 Ti1 V1,BCC,5.5,460.8848,780,104
Al1 Nb1 Ti1 V1,BCC,5.5,460.8848,560,104
Al1 Nb1 Ti1 V1,BCC,5.5,460.8848,110,104
Al1 Nb1 Ti1 V1,BCC,5.5,460.8848,1000,104
Al0.3 Co1 Cr1 Fe1 Ni1,FCC+B2+Sec.,7.6,144.9463113,900,210.1952456
Cr0.5 Fe1 Mn0.625 Ni0.375,FCC+BCC,7.8,352.0935259,219,219.3564787
Al0.05 Cr0.5 Fe1 Mn0.625 Ni0.375,FCC+BCC,7.6,342.5120423,354,214.9300356
Al0.15 Cr0.5 Fe1 Mn0.625 Ni0.375,FCC+BCC,7.4,355.2750952,550,208.6455337
Al0.25 Cr0.5 Fe1 Mn0.625 Ni0.375,B2+BCC,7.2,373.4276984,994,202.3326026
Al0.35 Cr0.5 Fe1 Mn0.625 Ni0.375,B2+BCC,6.9,402.6496667,942,195.0568096
Cr0.5 Fe1 Mn0.625 Ni0.375,FCC+BCC,7.8,352.0935259,132,219.3564787
Al0.05 Cr0.5 Fe1 Mn0.625 Ni0.375,FCC+BCC,7.6,342.5120423,260,214.9300356
Al0.15 Cr0.5 Fe1 Mn0.625 Ni0.375,FCC+BCC,7.4,355.2750952,469,208.6455337
Al0.25 Cr0.5 Fe1 Mn0.625 Ni0.375,B2+BCC,7.2,373.4276984,943,202.3326026
Al0.35 Cr0.5 Fe1 Mn0.625 Ni0.375,B2+BCC,6.9,402.6496667,833,195.0568096
Cr0.5 Fe1 Mn0.625 Ni0.375,FCC+BCC,7.8,352.0935259,115,219.3564787
Al0.05 Cr0.5 Fe1 Mn0.625 Ni0.375,FCC+BCC,7.6,342.5120423,155,214.9300356
Al0.15 Cr0.5 Fe1 Mn0.625 Ni0.375,FCC+BCC,7.4,355.2750952,272,208.6455337
Al0.25 Cr0.5 Fe1 Mn0.625 Ni0.375,B2+BCC,7.2,373.4276984,359,202.3326026
Al0.35 Cr0.5 Fe1 Mn0.625 Ni0.375,B2+BCC,6.9,402.6496667,326,195.0568096
Co1 Cr1 Fe1 Mn1 Ni1,FCC,8,198.8438598,370,220
Co0.2 Cr0.2 Fe1 Mn0.6,FCC+HCP,7.8,278.8513333,250,213.5672721
Co0.2 Cr0.2 Fe1 Mn0.6,FCC+HCP,7.8,278.8513333,330,213.5672721
Co0.2 Cr0.2 Fe1 Mn0.6,FCC+HCP,7.8,278.8513333,280,213.5672721
Co0.2 Cr0.2 Fe1 Mn0.6,FCC+HCP,7.8,278.8513333,350,213.5672721
Co0.2 Cr0.2 Fe1 Mn0.6,FCC+HCP,7.8,278.8513333,298,213.5672721
Co0.2 Cr0.2 Fe1 Mn0.6,FCC+HCP,7.8,278.8513333,400,213.5672721
Al0.304 Co1 Cr1 Fe1 Ni1,FCC+B2,7.6,144.9463113,860,210.0977705
Al0.304 Co1 Cr1 Fe1 Ni1,FCC+B2,7.6,144.9463113,690,210.0977705
Al0.304 Co1 Cr1 Fe1 Ni1,FCC+B2,7.6,144.9463113,550,210.0977705
Al0.304 Co1 Cr1 Fe1 Ni1,FCC,7.6,144.9463113,260,210
Al0.304 Co1 Cr1 Fe1 Ni1,FCC+BCC,7.6,144.9463113,404.5310759,210.0977705
Al0.304 Co1 Cr1 Fe1 Ni1,FCC,7.6,144.9463113,404.5310759,210
Al0.304 Co1 Cr1 Fe1 Ni1,FCC+L12,7.6,144.9463113,404.5310759,210.0977705
Al0.304 Co1 Cr1 Fe1 Ni1,FCC+L12,7.6,144.9463113,404.5310759,210.0977705
Al0.304 Co1 Cr1 Fe1 Ni1,FCC,7.6,144.9463113,159,210
Al0.304 Co1 Cr1 Fe1 Ni1,FCC+B2,7.6,144.9463113,215,210.0977705
Al0.304 Co1 Cr1 Fe1 Ni1,FCC+L12,7.6,144.9463113,285,210.0977705
Al0.304 Co1 Cr1 Fe1 Ni1,FCC,7.6,144.9463113,263,210
Al0.304 Co1 Cr1 Fe1 Ni1,FCC+L12+B2,7.6,144.9463113,490,210.0977705
Al0.304 Co1 Cr1 Fe1 Ni1,FCC+BCC,7.6,144.9463113,404.5310759,210.0977705
Al0.304 Co1 Cr1 Fe1 Ni1,FCC+L12,7.6,144.9463113,175,210.0977705
Al0.304 Co1 Cr1 Fe1 Ni1,FCC+L12,7.6,144.9463113,305,210.0977705
Al0.304 Co1 Cr1 Fe1 Ni1,FCC+B2,7.6,144.9463113,280,210.0977705
Al0.304 Co1 Cr1 Fe1 Ni1,FCC,7.6,144.9463113,404.5310759,210
Al0.304 Co1 Cr1 Fe1 Ni1,FCC,7.6,144.9463113,404.5310759,210
Al0.304 Co1 Cr1 Fe1 Ni1,FCC+B2,7.6,144.9463113,404.5310759,210.0977705
Al1 Co1 Cr1 Fe1 Ni1,BCC+B2,6.7,501.0632388,395,184.4160003
Al1 Co1 Cr1 Fe1 Ni1,BCC+B2,6.7,501.0632388,1380,184.4160003
Al1 Co1 Cr1 Fe1 Ni1,BCC+B2+FCC+Sec.,6.7,501.0632388,1430,184.4160003
Al1 Co1 Cr1 Fe1 Ni1,BCC+B2+FCC,6.7,501.0632388,1690,184.4160003
Al1 Co1 Cr1 Fe1 Ni1,BCC+B2+FCC,6.7,501.0632388,1220,184.4160003
Al1 Co1 Cr1 Fe1 Ni1,BCC+B2+FCC,6.7,501.0632388,1450,184.4160003
Al1 Co1 Cr1 Fe1 Ni1,FCC+BCC,6.7,501.0632388,900,184.4160003
Al0.515 Cr0.515 Fe1 Ni1,FCC+BCC+B2,6.9,325.3758508,796,186.5608539
Al0.511 Co0.511 Cr0.511 Fe0.511 Ni1,L12+B2,7,350.8870873,545,186.1877501
Al0.465 Co0.465 Cr0.465 Fe0.465 Ni1,L12+B2,7.1,309.9103333,545,187.1037208
Al0.451 Co0.451 Cr0.451 Fe0.451 Ni1,L12+B2,7.1,301.5522222,545,186.9990266
Al0.511 Co0.511 Cr0.511 Fe0.511 Ni1,,7,350.8870873,580,186.1877501
Al0.465 Co0.465 Cr0.465 Fe0.465 Ni1,,7.1,309.9103333,595,187.1037208
Al0.451 Co0.451 Cr0.451 Fe0.451 Ni1,,7.1,301.5522222,570,186.9990266
Al0.511 Co0.511 Cr0.511 Fe0.511 Ni1,,7,350.8870873,700,186.1877501
Al0.465 Co0.465 Cr0.465 Fe0.465 Ni1,,7.1,309.9103333,700,187.1037208
Al0.451 Co0.451 Cr0.451 Fe0.451 Ni1,,7.1,301.5522222,700,186.9990266
Al0.343 Co0.514 Cr0.514 Fe1 Ni0.514,BCC+B2,7.2,261.3823175,866,197.5750086
Al0.343 Co0.514 Cr0.514 Fe1 Ni0.514,,7.2,261.3823175,400,197.5750086
Al0.343 Co0.514 Cr0.514 Fe1 Ni0.514,,7.2,261.3823175,220,197.5750086
Al0.343 Co0.514 Cr0.514 Fe1 Ni0.514,,7.2,261.3823175,1166,197.5750086
Co1 Cr0.429 Fe0.571 Mo0.286 Ni0.571,FCC,8.6,285.2804396,350,234
Co1 Cr0.429 Fe0.571 Mo0.286 Ni0.571,FCC+Sec.,8.6,285.7871063,1311,231.3099447
Co1 Cr0.429 Fe0.571 Mo0.286 Ni0.571,FCC+Sec.,8.6,285.7871063,1212,231.3099447
Co1 Cr0.429 Fe0.571 Mo0.286 Ni0.571,FCC+Sec.,8.6,285.7871063,1028,231.3099447
Co1 Cr0.429 Fe0.571 Mo0.286 Ni0.571,FCC+Sec.,8.6,285.7871063,879,231.3099447
Co1 Cr0.429 Fe0.571 Mo0.286 Ni0.571,FCC+Sec.,8.6,285.7871063,799,231.3099447
Co1 Cr0.429 Fe0.571 Mo0.286 Ni0.571,FCC,8.6,285.2804396,350,234
Co1 Cr1 Fe1 Ni1,FCC,8.2,127.5599349,155,226
Co1 Cr1 Fe1 Mo0.083 Ni1,,8.2,142.5732937,198.8,227.0463282
Co1 Cr1 Fe1 Mo0.208 Ni1,,8.3,183.6398238,254.7,230.5267182
Co1 Cr1 Fe1 Mo0.304 Ni1,FCC+Sec.,8.4,290.3893278,305.3,233.2519597
Co1 Cr1 Fe1 Mo0.304 Ni1,FCC+Sec.,8.4,290.3893278,815.5,233.2519597
Co1 Cr1 Fe1 Mo0.304 Ni1,FCC+Sec.,8.4,290.3893278,646.7,233.2519597
Co1 Cr1 Fe1 Mo0.304 Ni1,FCC+Sec.,8.4,290.3893278,683.7,233.2519597
Co1 Cr1 Fe1 Mn1 Ni1,FCC,8,198.8438598,243,220
C0.02 Co1 Cr1 Fe1 Mn1 Ni1,FCC+Sec.,8,376.4758593,446,219.2069319
Co1 Cr1 Fe1 Mn1 Ni1,FCC,8,198.8438598,249,220
C0.02 Co1 Cr1 Fe1 Mn1 Ni1,FCC+Sec.,8,376.4758593,581,219.2069319
Co1 Cr1 Fe1 Ni1,FCC,8.2,127.5599349,190,226
Al0.167 Co1 Cr1 Fe1 Ni1 Ti0.083,FCC,7.8,278.8499524,210,214
Al0.167 Co1 Cr1 Fe1 Ni1 Ti0.083,FCC+L12+Sec.,7.8,279.014619,645,214.8396872
Al0.167 Co1 Cr1 Fe1 Ni1 Ti0.083,FCC+L12+Sec.,7.8,279.014619,1005,214.8396872
Al0.242 Co0.515 Cr0.515 Cu0.242 Fe0.515 Ni1,,7.7,168,447.8084842,196.2554576
Al0.242 Co0.515 Cr0.515 Cu0.242 Fe0.515 Ni1,,7.7,328,568.6022173,196.2554576
Al0.242 Co0.515 Cr0.515 Cu0.242 Fe0.515 Ni1,,7.7,206,446.7352644,196.2554576
Al0.229 Co0.486 Cr0.4 Cu0.229 Fe0.486 Mo0.003 Ni1 Ti0.029 W0.003,,7.7,231,469.1846596,192.9532923
Al0.229 Co0.486 Cr0.4 Cu0.229 Fe0.486 Mo0.003 Ni1 Ti0.029 W0.003,,7.7,178,449.2375559,192.9532923
Al0.229 Co0.486 Cr0.4 Cu0.229 Fe0.486 Mo0.003 Ni1 Ti0.029 W0.003,,7.7,343,522.5827633,192.9532923
Al0.229 Co0.486 Cr0.4 Cu0.229 Fe0.486 Mo0.003 Ni1 Ti0.029 W0.003,,7.7,171,451.3211979,192.9532923
Al0.278 Co0.694 Cr0.222 Fe0.417 Ni1 Ti0.167,,7.4,343,501.1632667,186.0088461
Al0.278 Co0.694 Cr0.222 Fe0.417 Ni1 Ti0.167,,7.4,341,503.2081097,186.0088461
Al0.278 Co0.694 Cr0.222 Fe0.417 Ni1 Ti0.167,FCC+L12+Sec.,7.4,345,568,186.0088461
Al0.278 Co0.694 Cr0.222 Fe0.417 Ni1 Ti0.167,FCC+L12+Sec.,7.4,345,596,186.0088461
Al0.278 Co0.694 Cr0.222 Fe0.417 Ni1 Ti0.167,FCC+L12+Sec.,7.4,345,487,186.0088461
Al0.278 Co0.694 Cr0.222 Fe0.417 Ni1 Ti0.167,FCC+L12+Sec.,7.4,345,486,186.0088461
Al0.885 Cr1 Fe1 Ni1,BCC+B2,6.4,441.4765397,770,183.4369324
Al1 Cr1 Fe1 Ni1,BCC+B2,6.3,455.2252063,843.2,179.5326663
Al1 Cr0.889 Fe0.889 Ni0.889,BCC+B2,6.1,460.5872063,1044,174.3351857
Al1 Cr0.828 Fe0.828 Ni0.828,BCC+B2,6,487.0591175,906.8,171.3787419
Al1 Cr0.767 Fe0.767 Ni0.767,BCC+B2,5.9,494.3977841,1122.8,168.2311931
Al0.5 Cr0.5 Fe1 Ni1,BCC+B2,6.9,323.7876286,709.3681944,186.5456425
Al1 Co1 Cr1 Fe1 Ni1,BCC+B2,6.7,501.0632388,1093.678166,184.4160003
Al0.545 Cr0.545 Fe0.515 Ni1 Ti0.273,BCC+B2+L12,6.4,482.3745556,1225.985276,174.788735
Al0.545 Cr0.545 Fe0.515 Ni1 Ti0.273,BCC+B2+L12,6.4,482.3745556,1225.985276,174.788735
Cr1 Fe1 Ni1 V0.5 W1,FCC+BCC+Sec.,10.9,645.390881,1676.28924,263.6619098
Al0.515 Cr0.515 Cu0.515 Fe0.515 Ni1,FCC+BCC+B2,7.1,353.969373,672.9825626,173.368933
Co1 Cr1 Fe1 Mn1 Ni1,FCC,8,198.8438598,230,220
Co1 Cr1 Fe1 Mn1 Ni1 V0.263,FCC+Sec.,7.9,187.2063333,200,214.8472103
Co1 Cr1 Fe1 Mn1 Ni1 V0.5,FCC+Sec.,7.8,242.9255556,620,210.7861349
Co1 Cr1 Fe1 Mn1 Ni1 V0.765,FCC+Sec.,7.7,396.332,780,206.6662541
Co1 Cr1 Fe1 Mn1 Ni1 V1,FCC+Sec.,7.7,611.2337778,1700,204.3178884
Al0.304 Co1 Cr1 Fe1 Ni1,FCC,7.6,144.9463113,404.5310759,210
Co1 Cr1 Fe1 Ni1,FCC,8.2,127.5599349,361.2795122,226
Al0.511 Co0.511 Cr0.511 Fe0.511 Ni1,FCC+B2,7,350.8870873,545,186.1877501
Al0.465 Co0.465 Cr0.465 Fe0.465 Ni1,FCC+B2,7.1,309.9103333,545,187.1037208
Al0.451 Co0.451 Cr0.451 Fe0.451 Ni1,FCC+B2,7.1,301.5522222,545,186.9990266
Al0.108 Co0.514 Cr0.514 Cu0.108 Fe0.514 Ni1,FCC,8,170.3542259,719,209
Al0.108 Co0.514 Cr0.514 Cu0.108 Fe0.514 Ni1,FCC+L12,8,170.4742259,460,208.3245982
Al0.242 Co0.515 Cr0.515 Cu0.242 Fe0.515 Ni1,Other,7.7,248.3522206,357,196.2554576
Al0.242 Co0.515 Cr0.515 Cu0.242 Fe0.515 Ni1,Other,7.7,248.3522206,365,196.2554576
Al0.242 Co0.515 Cr0.515 Cu0.242 Fe0.515 Ni1,FCC+L12,7.7,248.3522206,215,196.2554576
Al0.5 Co1 Cr1 Cu1 Fe1 Ni1,Other,7.6,254.6168,1284,188.4637334
Al0.5 Co1 Cr1 Cu1 Fe1 Ni1,FCC,7.6,201.8890222,1290,189
Al0.5 Co1 Cr1 Cu1 Fe1 Ni1,Other,7.6,254.6168,650,188.4637334
Al1 Co1 Cr1 Cu1 Fe1 Ni1,BCC+Sec.,7.1,465.2437778,790,175.3746079
Al1 Co1 Cr1 Cu1 Fe1 Ni1,BCC+Sec.,7.1,465.2437778,1040,175.3746079
Al1 Co1 Cr1 Fe1 Ni1,BCC+B2,6.7,501.0632388,395,184.4160003
Al1 Co1 Cr1 Fe1 Ni1,BCC+B2+FCC+Sec.,6.7,501.0632388,295,184.4160003
Al1 Co1 Cr1 Cu1 Fe1 Ni1,BCC+Sec.,7.1,465.2437778,350,175.3746079
Al1 Co1 Cr1 Cu1 Fe1 Ni1,BCC+Sec.,7.1,465.2437778,63,175.3746079
Al0.5 Co1 Cr1 Cu1 Fe1 Ni1,FCC,7.6,201.8890222,180,189
Al0.5 Co1 Cr1 Cu1 Fe1 Ni1,Other,7.6,254.6168,160,188.4637334
Co1 Cr1 Fe1 Ni1 Ti0.2,FCC,7.9,227.5085683,700,218
Co1 Cr1 Fe1 Ni1 Ti0.2,FCC,7.9,227.5085683,860,218
Al0.1 Co1 Cr1 Fe1 Ni1,FCC,8,131.2599159,1198,220
Al0.1 Co1 Cr1 Fe1 Ni1,FCC,8,131.2599159,1403,220
Al0.1 Co1 Cr1 Fe1 Ni1,FCC,8,131.2599159,711,220
Al0.1 Co1 Cr1 Fe1 Ni1,FCC,8,131.2599159,356,220
Co1 Cr1 Fe1 Mn1 Ni1,FCC,8,198.8438598,1120,220
Co1 Cr1 Fe1 Mn1 Ni1,FCC,8,198.8438598,1692,220
Al0.5 Cr0.5 Fe0.5 Ni1,FCC+BCC+B2,6.7,409.0359841,774,182.0556099
Al0.429 Cr0.476 Fe0.476 Ni1,FCC+BCC+B2,6.9,345.8465397,610,186.0609962
Al0.364 Cr0.455 Fe0.455 Ni1,FCC+BCC+B2,7,308.4596508,479,188.8879715
Al0.304 Cr0.435 Fe0.435 Ni1,FCC+BCC+B2,7.2,273.7395238,461,192.9367323
Al0.25 Cr0.417 Fe0.417 Ni1,FCC,7.3,244.2293016,441,196
Co1 Cr1 Ni1,FCC,8.3,468,1100,231
Co1 Cr1 Ni1,FCC,8.3,326,597,231
Co1 Cr1 Ni1,FCC,8.3,223,346,231
Al0.476 Co0.476 Cr0.476 Fe0.476 Ni1,FCC+B2,7.1,310.0836667,1263,187.1831478
Al0.476 Co0.476 Cr0.476 Fe0.476 Ni1,FCC+B2,7.1,310.0836667,1154,187.1831478
Al0.476 Co0.476 Cr0.476 Fe0.476 Ni1,FCC+B2,7.1,310.0836667,1490,187.1831478
Co1 Cr1 Fe1 Mn1 Ni1,FCC,8,130.2,210,220
Co1 Cr1 Fe1 Mn1 Ni1,FCC,8,394.1,1150,220
Co1 Cr1 Fe1 Mn1 Ni1,FCC,8,430.7,1300,220
Nb1 Ta1 Ti1 V1,BCC,9.2,427.9,1108,134
Nb1 Ta1 Ti1 V1,BCC,9.2,444.3,1308,134
Nb1 Ta1 Ti1 V1,BCC,9.2,510.9,1373,134
Co1 Cr1 Fe1 Mn1 Ni1,FCC,8,198.8438598,300,220
Co1 Cr1 Fe1 Mn1 Ni1,FCC,8,198.8438598,800,220
Co1 Cr1 Fe1 Mn1 Ni1,FCC+BCC,8,415,1314,219.5327956
Al0.1 Co1 Cr1 Fe1 Mn1 Ni1,FCC+BCC,7.9,432,1631,216.1570225
Al0.3 Co1 Cr1 Fe1 Mn1 Ni1,FCC+BCC,7.6,511,1836,208.4152282
Al0.5 Co1 Cr1 Fe1 Mn1 Ni1,FCC+BCC,7.4,553,1932,202.2003331
Al0.7 Co1 Cr1 Fe1 Mn1 Ni1,FCC+BCC,7.1,622,2230,195.0156966
Al1 Co1 Cr1 Fe1 Mn1 Ni1,FCC+BCC,6.8,684,1737.206114,186.5237706
Co1 Cr1 Fe1 Ni1,FCC,8.2,127.5599349,446,226
Co1 Cr1 Fe1 Ni1,FCC,8.2,127.5599349,488,226
Co1 Cr1 Fe1 Ni1,FCC,8.2,127.5599349,590,226
Co1 Cr1 Fe1 Ni1,FCC,8.2,127.5599349,361.2795122,226
Co1 Cr1 Fe1 Ni1,FCC,8.2,127.5599349,361.2795122,226
Co1 Cr1 Fe1 Ni1,FCC,8.2,127.5599349,680,226
Co1 Cr1 Fe1 Ni1,FCC,8.2,94.7,339.8965361,226
Al0.3 Co1 Cr1 Fe1 Ni1,FCC,7.6,117,429.7030864,210
Al0.6 Co1 Cr1 Fe1 Ni1,FCC+BCC+B2,7.2,228,614.9713305,198.4236603
Al0.9 Co1 Cr1 Fe1 Ni1,FCC+BCC+B2,6.8,511,1589.649333,187.4896517
Al0.9 Co1 Cr1 Fe1 Ni1 Ti0.5,BCC+B2+Sec.,6.5,623,1848.293408,179.7484962
Co1 Cr1 Fe1 Mn1 Ni1,FCC,8,198.8438598,216,220
Co1 Cr1 Fe1 Mn1 Mo0.042 Ni1,FCC,8.1,255.870931,225,221
Co1 Cr1 Fe1 Mn1 Mo0.087 Ni1,FCC+Sec.,8.1,295.7359643,330,222.1576609
Co1 Cr1 Fe1 Mn1 Mo0.136 Ni1,FCC+Sec.,8.1,299.7048206,560,222.9219217
Co1 Cr1 Fe1 Mn1 Mo0.19 Ni1,FCC+Sec.,8.1,292.7037651,765,223.7474532
Al0.3 Co1 Cr1 Fe1 Ni1,FCC+L12,7.6,144.9463113,143,210.1952456
Al0.3 Co1 Cr1 Fe1 Ni1,FCC+L12,7.6,144.9463113,471,210.1952456
Al0.3 Co1 Cr1 Fe1 Ni1,FCC+B2+Sec.,7.6,144.9463113,841,210.1952456
Al0.3 Co1 Cr1 Fe1 Ni1,FCC+BCC+B2+Sec.,7.6,144.9463113,161,210.1952456
Al0.3 Co1 Cr1 Fe1 Ni1,FCC+BCC+B2+Sec.,7.6,144.9463113,187,210.1952456
Al1 Co1 Cr1 Ni1,BCC+B2,6.4,1183,1750,178.2710489
Co1 Cr1 Fe1 Mn1 Ni1,FCC,8,198.8438598,378.7,220
C0.5 Co1 Cr1 Fe1 Mn1 Ni1,FCC,7.6,447.5551111,520.9,207.1727901
C1 Co1 Cr1 Fe1 Mn1 Ni1,FCC,7.3,619.8186667,643.8,197.2830955
Co1 Cr0.588 Fe0.176 Mo0.176 Ni1,FCC,8.6,209.0018968,676.3190967,231
Co1 Cr0.588 Fe0.176 Mo0.176 Ni1,FCC,8.6,209.0018968,676.3190967,231
Co1 Cr0.588 Fe0.176 Mo0.176 Ni1,FCC,8.6,209.0018968,1100,231
Co1 Cr0.588 Fe0.176 Mo0.176 Ni1,FCC,8.6,209.0018968,950,231
Co1 Cr0.588 Fe0.176 Mo0.176 Ni1,FCC,8.6,209.0018968,649,231
Co1 Cr0.588 Fe0.176 Mo0.176 Ni1,FCC,8.6,209.0018968,439,231
Co1 Cr0.588 Fe0.176 Mo0.176 Ni1,FCC,8.6,209.0018968,309,231
Co1 Cr1 Fe1 Mn1 Ni1,FCC,8,198.8438598,386.2,220
Cr1 Cu1 Fe1 Mn1 Ni1,Other,8.1,288.8147518,628,203.1816517
Cr1 Cu1 Fe1 Mn1 Ni1,Other,8.1,288.8147518,545,203.1816517
Cr1 Cu1 Fe1 Mn1 Ni1,Other,8.1,288.8147518,534,203.1816517
Cr1 Cu1 Fe1 Mn1 Ni1,Other,8.1,288.8147518,525,203.1816517
Cr1 Cu1 Fe1 Mn1 Ni1,Other,8.1,288.8147518,517,203.1816517
Cr1 Cu1 Fe1 Mn1 Ni1,Other,8.1,288.8147518,502,203.1816517
Cr1 Mo1 Nb1 Ta1 V1 W1,BCC+Laves+Sec.,11.7,1072,3157.152387,238.0059166
Cr1 Mo1 Nb1 Ta1 V1 W1,BCC+Laves+Sec.,11.7,1010,3416,238.0059166
Cr1 Mo1 Nb1 Ta1 V1 W1,BCC+Laves+Sec.,11.7,991.3,3410,238.0059166
Cr1 Mo1 Nb1 Ta1 V1 W1,BCC+Laves+Sec.,11.7,988.3,3338,238.0059166
Cr1 Mo1 Nb1 Ta1 V1 W1,,11.7,704.6,1507.097852,238.0059166
Co1 Cr1 Cu1 Fe1 Ni1,FCC+B2,8.3,160,355.6542248,205.1923238
Al0.5 Co1 Cr1 Cu1 Fe1 Ni1,FCC,7.6,160,443.4640962,189
Al1 Co1 Cr1 Cu1 Fe1 Ni1,FCC+BCC,7.1,458,733.6949666,175.3746079
Al1 Co0.667 Cr0.667 Cu0.667 Fe0.667 Ni0.667,FCC+BCC,6.6,498,849.0161407,163.4545234
Al1 Co0.5 Cr0.5 Cu0.5 Fe0.5 Ni0.5,FCC+BCC,6.3,560,421.8972827,155.5984862
Co1 Ni1 V1,,7.8,255.7453571,991,177.264528
Co1 Ni1 V1,,7.8,255.7453571,767,177.264528
Co1 Ni1 V1,,7.8,255.7453571,602,177.264528
Co1 Ni1 V1,,7.8,255.7453571,517,177.264528
Co1 Ni1 V1,,7.8,255.7453571,461,177.264528
Al0.3 Co1 Cr1 Fe1 Ni1,FCC+B2+Sec.,7.6,144.9463113,840,210.1952456
Al0.3 Co1 Cr1 Fe1 Ni1,FCC,7.6,144.9463113,159,210
Al0.544 C0.001 Co0.69 Fe1 Ni0.69,B2+L12,7,365.6806667,1202,171.7883634
Hf1 Nb1 Ta1 Ti1 Zr1,BCC,9.9,351.0332345,846.5689548,107
Co0.5 Cr0.5 Fe1 Ni1,FCC,8.2,166.5196111,214,219
Co0.875 Cr0.625 Fe1 Ni1,FCC,8.3,153.1929111,241,220
Co1 Cr0.556 Fe0.667 Ni0.667,FCC,8.3,164.385696,299,222
Co1 Cr0.455 Fe0.364 Ni0.364,FCC+HCP,8.3,321.9404032,392,222.9857717
Co1 Cr0.385 Fe0.154 Ni0.154,FCC+HCP,8.4,349.7245508,482,226.1178786
Hf1 Nb1 Ti1 Zr1,BCC,8.4,369.4295556,506.7492758,89
Co1 Cr1 Fe1 Mn1 Ni1,,8,387.2692151,1179.468189,219.5327956
Co1 Cr1 Fe1 Mn1 Ni1,,8,387.2692151,1179.468189,219.5327956
Co1 Cr1 Fe1 Ni1,,8.2,127.5599349,361.2795122,225.4585501
Co1 Fe1 Ni1,,8.5,158.2377349,234.3757814,205.8069882
Co1 Cr1 Ni1,,8.3,335.0289365,598.6289713,230.9461314
Co1 Cr1 Ni1,,8.3,335.0289365,598.6289713,230.9461314
Co1 Cr1 Ni1,,8.3,335.0289365,598.6289713,230.9461314
Al1 Co0.5 Cr1 Fe0.147 Ni0.294,,5.7,699,1009.264327,172.1612597
Al1 Co0.298 Cr0.319 Cu0.106 Fe0.277 Ni0.128,,5.1,728,716.6469435,135.6771246
Al1 Co0.289 Cr0.158 Cu0.237 Fe0.816 Ni0.132,,5.6,604,899.3945896,139.2743557
Al1 Co0.278 Cr0.861 Cu0.167 Fe0.25 Ni0.222,,5.6,790,932.1687559,162.7517421
Al1 Co0.395 Cr0.349 Fe0.326 Ni0.256,,5.3,806,943.4145999,144.1858597
Al1 Co0.255 Cr0.255 Cu0.106 Fe0.277 Ni0.234,,5.1,811,1486.444863,132.5097646
Al1 Co0.442 Cr0.442 Fe0.256 Ni0.186,,5.3,855,1584.339837,147.7350747
Al1 Co0.256 Cr0.795 Cu0.128 Fe0.205 Ni0.179,,5.4,802,975.0180318,158.8893717
Al1 Co0.277 Cr0.277 Cu0.106 Fe0.255 Ni0.213,,5.1,799,701.5703919,133.4312962
Al1 Co0.465 Cr0.512 Fe0.186 Ni0.163,,5.3,857,1605.687804,150.2128439
Al1 Co0.298 Cr0.404 Cu0.106 Fe0.213 Ni0.106,,5.1,855,1488.538961,139.0370898
Al1 Co0.465 Cr0.442 Fe0.209 Ni0.209,,5.3,816,1625.228078,147.4243168
Al1 Co0.304 Cr0.5 Cu0.109 Fe0.152 Ni0.109,,5.1,811,1515.355897,143.0417095
Al1 Co0.318 Cr0.5 Cu0.114 Fe0.205 Ni0.136,,5.2,790,866.419532,144.923715
Al1 Co0.442 Cr0.558 Fe0.186 Ni0.14,,5.2,855,1585.640558,150.8933031
Al1 Co0.419 Cr0.558 Fe0.233 Ni0.116,,5.2,856,1588.915466,151.2018079
Al1 Co0.298 Cr0.426 Cu0.106 Fe0.191 Ni0.106,,5.1,859,1510.052923,139.8583224
Al1 Co0.558 Cr0.512 Fe0.116 Ni0.14,,5.3,875,1610.913437,149.9789271
Al1 Co0.581 Cr0.512 Fe0.116 Ni0.116,,5.3,865,1610.913437,150.0661216
Al1 Co0.558 Cr0.535 Fe0.116 Ni0.116,,5.3,868,1612.326238,150.9574874
Al1 Co0.535 Cr0.488 Fe0.186 Ni0.116,,5.3,863,1611.146053,149.4583679
Al1 Co0.255 Cr0.426 Cu0.106 Fe0.234 Ni0.106,,5,843,1575.074182,138.8849642
Al1 Co0.349 Cr0.395 Cu0.116 Fe0.326 Ni0.14,,5.3,794,860.1312222,142.8794944
Al1 Co0.238 Cr0.714 Cu0.119 Fe0.167 Ni0.143,,5.2,783,979.3536963,153.378562
Al1 Co0.234 Cr0.468 Cu0.106 Fe0.213 Ni0.106,,5,797,904.3158258,140.5584847
Al1 Co0.277 Cr0.426 Cu0.106 Fe0.213 Ni0.106,,5,805,877.3942422,138.7882962
Al0.853 Co0.647 Cr1 Fe0.147 Ni0.294,,6,699,1036.929316,180.3586312
Al1 Co0.149 Cr0.34 Cu0.191 Fe0.34 Ni0.106,,5.1,749,1005.184981,134.1217606
Al1 Co0.326 Cr0.488 Cu0.116 Fe0.279 Ni0.116,,5.3,828,1509.680031,146.3514069
Al1 Co0.383 Cr0.319 Cu0.106 Fe0.213 Ni0.106,,5.1,849,1528.126184,135.4362607
Al1 Co0.426 Cr0.383 Cu0.106 Fe0.106 Ni0.106,BCC+B2,5.1,883,1593.726976,137.6088415
Al1 Co0.419 Cr0.465 Fe0.279 Ni0.163,,5.3,864,1589.501463,148.820244
Al1 Co0.362 Cr0.34 Cu0.106 Fe0.213 Ni0.106,,5.1,841,1562.090749,136.3258773
Al1 Co0.558 Cr0.535 Fe0.116 Ni0.116,,5.3,868,1612.326238,150.9574874
Al1 Co0.581 Cr0.512 Fe0.116 Ni0.116,,5.3,865,1610.913437,150.0661216
Al1 Co0.457 Cr0.391 Cu0.109 Fe0.109 Ni0.109,,5.2,840,1586.806757,139.5116516
Al1 Co0.512 Cr0.512 Fe0.186 Ni0.116,,5.3,882,1610.073344,150.393307
Al1 Co0.512 Cr0.535 Fe0.163 Ni0.116,BCC+B2,5.3,883,1612.439884,151.1784145
Al1 Co0.465 Cr0.488 Fe0.209 Ni0.163,,5.3,828,1615.295602,149.3837478
Al1 Co0.512 Cr0.581 Fe0.116 Ni0.116,,5.2,848,1611.719314,151.5504013
Al1 Co0.404 Cr0.404 Cu0.106 Fe0.106 Ni0.106,,5.1,878,1545.550087,138.4887131
Al1 Co0.674 Cr0.419 Fe0.116 Ni0.116,,5.3,782,1009.286429,146.4619035
Co0.986 Cr0.952 Fe0.933 Mn0.914 Ni1,BCC,8,212.1903304,1290,220
Co0.986 Cr0.952 Fe0.933 Mn0.914 Ni1,FCC+BCC+Sec.,8,365.9638119,1135,219.2308295
Co0.986 Cr0.952 Fe0.933 Mn0.914 Ni1,FCC+BCC+Sec.,8,365.9638119,585,219.2308295
Co0.986 Cr0.952 Fe0.933 Mn0.914 Ni1,FCC+Sec.,8,365.9638119,425,219.2308295
Co0.986 Cr0.952 Fe0.933 Mn0.914 Ni1,FCC,8,212.1903304,270,220
Co0.986 Cr0.952 Fe0.933 Mn0.914 Ni1,,8,365.9638119,1120,219.2308295
Al0.4 Hf0.6 Nb1 Ta1 Ti1 Zr1,BCC,9.1,458.8482496,1841,107
Al1 Cr1 Mo1 Ti1,BCC,6,695.3128889,1100,189
Al1 Mo1 Nb1 Ti1,BCC,6.5,564.3032222,1100,151
Hf1 Mo0.5 Nb1 Ti1 V0.5,BCC,9,509.4933333,1260,126
Hf1 Mo1 Nb1 Ta1 Ti1 Zr1,BCC,9.9,519.6967778,1512,137
Hf1 Mo1 Nb1 Ti1 Zr1,BCC,8.7,494.8125,1575,128
Hf1 Mo1 Ta1 Ti1 Zr1,BCC,10.2,510.0876667,1600,143
Hf1 Nb1 Ta1 Ti1 Zr1,BCC,9.9,351.0332345,929,107
Mo1 Nb1 Ta1 Ti1 V1 W1,BCC,11,696.5141389,1515,209
Mo1 Nb1 Ta1 Ti1 W1,BCC,11.8,480.4580238,1343,222
Mo1 Nb1 Ta1 V1 W1,BCC,12.4,591.8107881,1246,229
Mo1 Nb1 Ta1 W1,BCC,13.7,410.225004,996,250
Mo1 Nb1 Ti1,BCC,7.7,461.3302738,1100,177
Nb1 Ta0.3 Ti1 Zr1,BCC,7.4,366.4582222,882,101
Nb1 Ti1 Zr1,BCC,6.5,369.8391111,975,94
Al1 Cr1 Mo1 Nb1 Ti1,BCC+Laves,6.6,736.8247249,1010,171.4421565
Al0.24 Nb1 Ti1 V1 Zr1,BCC+Laves,6.3,375.0925778,1240,98.60049901
Al1 Mo0.5 Nb1 Ta0.5 Ti1 Zr1,B2+BCC,7.1,642.8687619,2000,116.9810808
Cr1 Nb0.333 Ti0.333 Zr0.333,BCC+Laves,6.8,429.3796556,1576,173.0138809
Cr1 Mo0.5 Nb1 Ta0.5 Ti1 Zr1,BCC+BCC+Laves,8,578.293,1595,153.4248238
Hf1 Mo0.5 Nb1 Si0.3 Ti1 V0.5,BCC+Sec.,8.5,543.0970354,1617,119.287301
Hf1 Mo0.5 Nb1 Si0.5 Ti1 V0.5,BCC+Sec.,8.2,570.2746211,1787,115.2406721
Hf1 Mo0.5 Nb1 Si0.7 Ti1 V0.5,BCC+Sec.,7.9,594.3307537,2134,111.2318936
Mo1 Nb1 Ti1 V1 Zr1,BCC+Laves,7.1,563.6735,1706,141.1527851
Nb1 Re0.3 Ti1 Zr1,BCC+Laves,7.5,420.0124683,1244,107.6392062
Nb1 Ta1 Ti1 V1 Zr1,BCC+BCC,8.5,434.6593788,1395,117.1837623
Al0.4 Hf0.6 Nb1 Ta1 Ti1 Zr1,BCC,9.1,458.8482496,298,107
Al1 Cr1 Mo1 Ti1,BCC,6,695.3128889,375,189
Al1 Mo1 Nb1 Ti1,BCC,6.5,564.3032222,540,151
Hf1 Mo0.5 Nb1 Ti1 V0.5,BCC,9,509.4933333,368,126
Hf1 Mo1 Nb1 Ta1 Ti1 Zr1,BCC,9.9,519.6967778,814,137
Hf1 Mo1 Nb1 Ti1 Zr1,BCC,8.7,494.8125,635,128
Hf1 Mo1 Ta1 Ti1 Zr1,BCC,10.2,510.0876667,855,143
Hf1 Nb1 Ta1 Ti1 Zr1,BCC,9.9,351.0332345,295,107
Mo1 Nb1 Ta1 Ti1 V1 W1,BCC,11,696.5141389,753,209
Mo1 Nb1 Ta1 Ti1 W1,BCC,11.8,480.4580238,620,222
Mo1 Nb1 Ta1 V1 W1,BCC,12.4,591.8107881,842,229
Mo1 Nb1 Ta1 W1,BCC,13.7,410.225004,548,250
Mo1 Nb1 Ti1,BCC,7.7,461.3302738,504,177
Nb1 Ta0.3 Ti1 Zr1,BCC,7.4,366.4582222,274,101
Nb1 Ti1 Zr1,BCC,6.5,369.8391111,141,94
Al1 Cr1 Mo1 Nb1 Ti1,BCC+Laves,6.6,736.8247249,550,171.4421565
Al0.24 Nb1 Ti1 V1 Zr1,BCC+Laves,6.3,375.0925778,82,98.60049901
Al1 Mo0.5 Nb1 Ta0.5 Ti1 Zr1,B2+BCC,7.1,642.8687619,745,116.9810808
Cr1 Nb0.333 Ti0.333 Zr0.333,BCC+Laves,6.8,429.3796556,139,173.0138809
Cr1 Mo0.5 Nb1 Ta0.5 Ti1 Zr1,BCC+BCC+Laves,8,578.293,546,153.4248238
Hf1 Mo0.5 Nb1 Si0.3 Ti1 V0.5,BCC+Sec.,8.5,543.0970354,398,119.287301
Hf1 Mo0.5 Nb1 Si0.5 Ti1 V0.5,BCC+Sec.,8.2,570.2746211,614,115.2406721
Hf1 Mo0.5 Nb1 Si0.7 Ti1 V0.5,BCC+Sec.,7.9,594.3307537,673,111.2318936
Mo1 Nb1 Ti1 V1 Zr1,BCC+Laves,7.1,563.6735,467,141.1527851
Nb1 Re0.3 Ti1 Zr1,BCC+Laves,7.5,420.0124683,323,107.6392062
Nb1 Ta1 Ti1 V1 Zr1,BCC+BCC,8.5,434.6593788,190,117.1837623
Al0.4 Hf0.6 Nb1 Ta1 Ti1 Zr1,BCC,9.1,458.8482496,89,107
Al1 Cr1 Mo1 Ti1,BCC,6,695.3128889,100,189
Al1 Mo1 Nb1 Ti1,BCC,6.5,564.3032222,200,151
Hf1 Mo0.5 Nb1 Ti1 V0.5,BCC,9,509.4933333,60,126
Hf1 Mo1 Nb1 Ta1 Ti1 Zr1,BCC,9.9,519.6967778,556,137
Hf1 Mo1 Nb1 Ti1 Zr1,BCC,8.7,494.8125,187,128
Hf1 Mo1 Ta1 Ti1 Zr1,BCC,10.2,510.0876667,404,143
Hf1 Nb1 Ta1 Ti1 Zr1,BCC,9.9,351.0332345,92,107
Mo1 Nb1 Ta1 Ti1 V1 W1,BCC,11,696.5141389,659,209
Mo1 Nb1 Ta1 Ti1 W1,BCC,11.8,480.4580238,586,222
Mo1 Nb1 Ta1 V1 W1,BCC,12.4,591.8107881,735,229
Mo1 Nb1 Ta1 W1,BCC,13.7,410.225004,506,250
Mo1 Nb1 Ti1,BCC,7.7,461.3302738,324,177
Nb1 Ta0.3 Ti1 Zr1,BCC,7.4,366.4582222,102,101
Nb1 Ti1 Zr1,BCC,6.5,369.8391111,61,94
Al1 Cr1 Mo1 Nb1 Ti1,BCC+Laves,6.6,736.8247249,105,171.4421565
Al0.24 Nb1 Ti1 V1 Zr1,BCC+Laves,6.3,375.0925778,24,98.60049901
Al1 Mo0.5 Nb1 Ta0.5 Ti1 Zr1,B2+BCC,7.1,642.8687619,250,116.9810808
Cr1 Nb0.333 Ti0.333 Zr0.333,BCC+Laves,6.8,429.3796556,32,173.0138809
Cr1 Mo0.5 Nb1 Ta0.5 Ti1 Zr1,BCC+BCC+Laves,8,578.293,170,153.4248238
Hf1 Mo0.5 Nb1 Si0.3 Ti1 V0.5,BCC+Sec.,8.5,543.0970354,166,119.287301
Hf1 Mo0.5 Nb1 Si0.5 Ti1 V0.5,BCC+Sec.,8.2,570.2746211,188,115.2406721
Hf1 Mo0.5 Nb1 Si0.7 Ti1 V0.5,BCC+Sec.,7.9,594.3307537,235,111.2318936
Mo1 Nb1 Ti1 V1 Zr1,BCC+Laves,7.1,563.6735,116,141.1527851
Nb1 Re0.3 Ti1 Zr1,BCC+Laves,7.5,420.0124683,89,107.6392062
Nb1 Ta1 Ti1 V1 Zr1,BCC+BCC,8.5,434.6593788,78,117.1837623
Co1 Cr1 Fe1 Mn1 Ni1,FCC,8,198.8438598,293.1,220
Hf1 Nb1 Ta1 Ti1 Zr1,BCC,9.9,351.0332345,985,107
Hf1 Nb1 Ta1 Ti1 Zr1,BCC,9.9,351.0332345,972,107
Hf1 Nb1 Ta1 Ti1 Zr1,BCC,9.9,351.0332345,967,107
Co1 Fe1 Ni1,FCC,8.5,156.0356238,230.896459,207
Co1 Fe1 Ni1,FCC,8.5,156.0356238,276,207
Co1 Fe1 Ni1,FCC,8.5,156.0356238,217,207
Co1 Fe1 Ni1,FCC,8.5,156.0356238,201,207
Co1 Cr1 Ni1,,8.3,335.0289365,600,230.9461314
Co1 Cr1 Ni1,,8.3,335.0289365,400,230.9461314
Co1 Cr1 Ni1,,8.3,335.0289365,1215,230.9461314
Cr0.286 Mo0.476 Nb1 Ta0.024 Ti0.31 V0.286,BCC+Sec.,8,741,2680,169.3529751
Hf1 Mo1 Nb1 Ti1 Zr1,BCC,8.7,494.8125,1719,128
Co1 Fe1 Ni1,FCC,8.5,156.0356238,230.896459,207
Co1 Cr0.053 Ni1,FCC,8.8,196.5056238,440.6918721,207
Fe1 Mn1 Ni1,FCC,8.1,230.7868111,529,203
Fe1 Mn1 Ni1,FCC,8.1,230.7868111,522,203
Fe1 Mn1 Ni1,FCC,8.1,230.7868111,460,203
Fe1 Mn1 Ni1,FCC,8.1,230.7868111,407,203
Fe1 Mn1 Ni1,FCC,8.1,230.7868111,372,203
Fe1 Mn1 Ni1,FCC,8.1,230.7868111,322,203
Co1 Mn1 Ni1,FCC,8.4,287.6829987,333,202
Co1 Mn1 Ni1,FCC,8.4,287.6829987,601,202
Co1 Mn1 Ni1,FCC,8.4,287.6829987,321,202
Co1 Mn1 Ni1,FCC,8.4,287.6829987,267,202
Co1 Cr0.25 Ni1,FCC,8.7,207.119646,745,213
Co1 Cr0.25 Ni1,FCC,8.7,207.119646,623,213
Co1 Cr0.25 Ni1,FCC,8.7,207.119646,387,213
Co1 Cr0.25 Ni1,FCC,8.7,207.119646,330,213
Co1 Cr1 Fe1 Ni1,FCC,8.2,127.5599349,631,226
Co1 Cr1 Fe1 Ni1,FCC,8.2,127.5599349,494,226
Co1 Cr1 Fe1 Ni1,FCC,8.2,127.5599349,448,226
Co1 Cr1 Fe1 Ni1,FCC,8.2,127.5599349,273,226
Co1 Cr1 Fe1 Ni1,FCC,8.2,127.5599349,172,226
Co0.25 Cr1 Ni1,FCC,8.1,329.2887302,518,238
Co0.25 Cr1 Ni1,FCC,8.1,329.2887302,462,238
Co0.25 Cr1 Ni1,FCC,8.1,329.2887302,395,238
Co0.25 Cr1 Ni1,FCC,8.1,329.2887302,356,238
Al1 Co1 Ni1 Ti1,BCC+B2,5.7,672,1018.955223,138.6722789
Al1 Fe1 Ni1 Ti1,BCC+B2,5.5,666,1122.650496,138.9694419
Al1 Co1 Fe1 Ni1 Ti1,BCC+B2,6.1,667,1429.166571,151.1095759
Al1 Cr1 Cu1 Fe1 Ni1,FCC+BCC+B2,6.8,434,993.8747246,169.062194
Al1 Cr1 Cu1 Fe1 Ni1,FCC+BCC+B2,6.8,666,1132.79623,169.062194
Al1 Cr1 Cu1 Fe1 Ni1,FCC+BCC+B2,6.8,761,1309.356792,169.062194
Al1 Cr1 Cu1 Fe1 Ni1,FCC+BCC+B2,6.8,747,1338.954316,169.062194
Al1 Cr1 Cu1 Fe1 Ni1,FCC+BCC+B2,6.8,605.6927169,1511,169.062194
Al1 Cr1 Cu1 Fe1 Ni1,FCC+BCC+B2,6.8,605.6927169,1366,169.062194
Al1 Cr1 Cu1 Fe1 Ni1,FCC+BCC+B2,6.8,605.6927169,410,169.062194
Al1 Cr1 Cu1 Fe1 Ni1,FCC+BCC+B2,6.8,605.6927169,48,169.062194
Co1 Cr1 Fe1 Mn1 Ni1,FCC,8,198.8438598,210,220
Co1 Cr1 Fe1 Mn1 Ni1,FCC,8,198.8438598,1150,220
Co1 Cr1 Fe1 Mn1 Ni1,FCC,8,198.8438598,1300,220
Co1 Cr1 Fe1 Mn1 Ni1,FCC,8,198.8438598,1050,220
Co1 Cr1 Fe1 Mn1 Ni1,FCC,8,198.8438598,560,220
Co1 Cr1 Fe1 Mn1 Ni1,FCC,8,198.8438598,520,220
Co1 Cr1 Fe1 Mn1 Ni1,FCC,8,198.8438598,320,220
Co1 Cr1 Fe1 Mn1 Ni1,FCC,8,198.8438598,280,220
Co0.5 Fe0.5 Mo0.1 Ni1 V0.25,FCC,8.4,179.2582889,419,202
Co0.5 Fe0.5 Mo0.1 Ni1 V0.25,FCC,8.4,179.2582889,350,202
Co0.5 Fe0.5 Mo0.1 Ni1 V0.25,FCC,8.4,179.2582889,252,202
Co0.5 Fe0.5 Mo0.1 Ni1 V0.25,FCC,8.4,179.2582889,214,202
Co0.5 Fe0.5 Mo0.1 Ni1 V0.25,FCC,8.4,179.2582889,212,202
Co0.5 Fe0.5 Mo0.1 Ni1 V0.25,FCC,8.4,179.2582889,187,202
Al0.3 Co1 Cr1 Fe1 Ni1,FCC,7.6,132,448.0318198,210
Al0.3 Co1 Cr1 Fe1 Ni1,FCC,7.6,147,497.7550281,210
Al0.3 Co1 Cr1 Fe1 Ni1,FCC,7.6,165,513.4264203,210
Al1 Co1 Cr1 Fe1 Ni1,B2+BCC,6.7,519,1631,184.4160003
Al1 Co1 Cr1 Fe1 Ni1,B2+BCC,6.7,493,1209,184.4160003
Co0.318 Cr0.227 Fe1 Mo0.091 Ni0.182,FCC+Sec.,8.2,222.0969333,443,223.6567616
Co0.327 Cr0.227 Fe1 Mo0.136 Ni0.127,FCC+Sec.,8.2,221.5384048,711,226.1823358
Co0.318 Cr0.227 Fe1 Mo0.091 Ni0.182,FCC+Sec.,8.2,222.0969333,301,223.6567616
Co0.327 Cr0.227 Fe1 Mo0.136 Ni0.127,FCC+Sec.,8.2,221.5384048,684,226.1823358
Co0.318 Cr0.227 Fe1 Mo0.091 Ni0.182,FCC+Sec.,8.2,222.0969333,261,223.6567616
Co0.327 Cr0.227 Fe1 Mo0.136 Ni0.127,FCC+Sec.,8.2,221.5384048,506,226.1823358
Co0.318 Cr0.227 Fe1 Mo0.091 Ni0.182,FCC+Sec.,8.2,222.0969333,231,223.6567616
Co0.327 Cr0.227 Fe1 Mo0.136 Ni0.127,FCC+Sec.,8.2,221.5384048,296,226.1823358
Co1 Cr1 Fe1 Mn1 Ni1,FCC,8,198.8438598,654.3580878,220
Co1 Cr1 Fe1 Mn1 Ni1,FCC,8,198.8438598,654.3580878,220
Co1 Cr1 Fe1 Mn1 Ni1,FCC,8,198.8438598,654.3580878,220
Cr1 Cu1 Fe1 Mn1 Ni1,FCC+BCC,8.1,288.8147518,615,203.1816517
Cr1 Cu1 Fe1 Mn1 Ni1,FCC+BCC,8.1,288.8147518,601.5327243,203.1816517
Cr1 Cu1 Fe1 Mn1 Ni1,FCC+BCC,8.1,288.8147518,601.5327243,203.1816517
Cr1 Cu1 Fe1 Mn1 Ni1,FCC+BCC,8.1,288.8147518,601.5327243,203.1816517
Cr1 Cu1 Fe1 Mn1 Ni1,FCC+BCC+Sec.,8.1,288.8147518,601.5327243,203.1816517
Cr1 Cu1 Fe1 Mn1 Ni1,FCC+BCC+Sec.,8.1,288.8147518,601.5327243,203.1816517
Cr1 Cu1 Fe1 Mn1 Ni1,FCC+BCC+Sec.,8.1,288.8147518,601.5327243,203.1816517
Cr1 Cu1 Fe1 Mn1 Ni1,FCC+BCC+Sec.,8.1,288.8147518,601.5327243,203.1816517
Cr1 Cu1 Fe1 Mn1 Ni1,FCC+BCC,8.1,288.8147518,601.5327243,203.1816517
Mo1 Nb1 Re0.5 W1,BCC,13.7,473,896,298
C0.2 Mo1 Nb1 Re0.5 Ta0.2 W1,BCC+Sec.,13.5,510,1074,262.450568
C0.4 Mo1 Nb1 Re0.5 Ta0.4 W1,BCC+Sec.,13.4,558,1144,253.0467426
C0.5 Mo1 Nb1 Re0.5 Ta0.5 W1,BCC+Sec.,13.3,583,1202,248.2719262
C0.6 Mo1 Nb1 Re0.5 Ta0.6 W1,BCC+Sec.,13.3,615,1241,245.0333014
Al0.278 Co0.694 Cr0.222 Fe0.417 Ni1 Ti0.167,FCC,7.4,348.5043915,520,185
Al0.278 Co0.694 Cr0.222 Fe0.417 Ni1 Ti0.167,FCC,7.4,348.5043915,470,185
Al0.278 Co0.694 Cr0.222 Fe0.417 Ni1 Ti0.167,FCC,7.4,348.5043915,461,185
Al0.278 Co0.694 Cr0.222 Fe0.417 Ni1 Ti0.167,FCC,7.4,348.5043915,445,185
Al0.278 Co0.694 Cr0.222 Fe0.417 Ni1 Ti0.167,FCC,7.4,348.5043915,219,185
Al0.278 Co0.694 Cr0.222 Fe0.417 Ni1 Ti0.167,FCC,7.4,348.5043915,627,185
Al0.278 Co0.694 Cr0.222 Fe0.417 Ni1 Ti0.167,FCC,7.4,348.5043915,594,185
Al0.278 Co0.694 Cr0.222 Fe0.417 Ni1 Ti0.167,FCC,7.4,348.5043915,547,185
Al0.278 Co0.694 Cr0.222 Fe0.417 Ni1 Ti0.167,FCC,7.4,348.5043915,399,185
Al0.278 Co0.694 Cr0.222 Fe0.417 Ni1 Ti0.167,FCC,7.4,348.5043915,243,185
Co0.286 Cr0.429 Fe1 Mn0.143 Ni0.714 V0.286,FCC,7.9,362.8102915,401,208
Co0.286 Cr0.429 Fe1 Mn0.143 Ni0.714 V0.286,FCC,7.9,362.8102915,350,208
Co0.286 Cr0.429 Fe1 Mn0.143 Ni0.714 V0.286,FCC,7.9,362.8102915,312,208
Co0.286 Cr0.429 Fe1 Mn0.143 Ni0.714 V0.286,FCC,7.9,362.8102915,240,208
Co0.286 Cr0.429 Fe1 Mn0.143 Ni0.714 V0.286,FCC,7.9,362.8102915,210,208
Co1 Cr1 Fe1 Mn1 Ni1,Other,8,410.9,1201.001251,219.5327956
Al1 Co0.5 Cr0.5 Fe0.5 Ni0.5,BCC+B2,5.9,581.7,1241,159.7257289
Al1 Co0.556 Cr0.556 Fe0.556 Ni0.556 Ti0.111,BCC+B2,5.9,605.5,1324,161.2857617
Al1 Co0.667 Cr0.667 Fe0.667 Ni0.667 Ti0.333,BCC+B2,6.1,641.7,1566,166.0310942
Al1 Co0.833 Cr0.833 Fe0.833 Ni0.833 Ti0.667,BCC+B2,6.2,639.6,1503,169.6586715
Al1 Co1 Cr1 Fe1 Ni1 Ti1,BCC+B2+Laves,6.2,703,1448,171.2818593
Al0.667 Co0.833 Cr0.833 Fe0.833 Ni0.833 Ti1,BCC+B2+Laves,6.3,856.9,1272,174.1142704
Al1 Co1 Cr1 Fe1 Ni1,,6.7,501.0632388,1300,184.4160003
Al0.8 Co1 Cr1 Fe1 Ni1 Ti0.2,,6.8,495.1654894,968,187.5840457
Al0.5 Co1 Cr1 Fe1 Ni1 Ti0.5,,6.9,561.7538095,1100,191.7196918
Al1 Co1 Cu1 Fe1 Ni1,,7,462.7835937,1060,153.3772391
Al1 Co1 Cr1 Cu1 Fe1 Ni1,,7.1,465.2437778,1285,175.3746079
Al1 Co1 Cu1 Fe1 Ni1 Ti1,,6.5,621.2696667,1612,147.3934394
Al1 Co1 Cr1 Cu1 Fe1 Ni1 Ti1,,6.6,657.1453333,1523,165.573786
Al1 Cr1 Fe1 Ni1,,6.3,455.2252063,1271,179.5326663
Al1 Co0.25 Cr1 Fe1 Ni1,,6.4,523.3916455,1363,180.7513804
Al1 Co0.5 Cr1 Fe1 Ni1,,6.5,500.7835661,1349,181.9716644
Al1 Co0.75 Cr1 Fe1 Ni1,,6.6,485.6501614,1331,183.1932705
Al1 Co1 Cr1 Fe1 Ni1,,6.7,501.0632388,1313,184.4160003
Co1 Cr1 Fe1 Mn1,,7.8,326.7979907,338,223.5884701
Al1 Co1 Cr1 Fe1 Ni1,FCC+BCC,6.7,501.0632388,1093.678166,184.4160003
Al1 Co1 Cr1 Fe1 Ni1,FCC+BCC,6.7,501.0632388,1093.678166,184.4160003
Al1 Co1 Cr1 Fe1 Ni1,FCC+BCC,6.7,501.0632388,1093.678166,184.4160003
Al1 Co1 Cr1 Fe1 Ni1,FCC+BCC,6.7,501.0632388,1093.678166,184.4160003
Al1 Co1 Cr1 Fe1 Ni1,FCC+BCC,6.7,501.0632388,1093.678166,184.4160003
Hf1 Nb1 Ta1 Ti1 W1 Zr1,BCC+Laves,11.2,573.6686722,1550,147.9419
Hf1 Mo1 Nb1 Ta1 Ti1 W1 Zr1,BCC+Laves,11.1,628.3754857,1637,170.85836
Hf1 Nb1 Ta1 Ti1 W1 Zr1,BCC+Laves,11.2,573.6686722,577,147.9419
Hf1 Mo1 Nb1 Ta1 Ti1 W1 Zr1,BCC+Laves,11.1,628.3754857,1065,170.85836
Hf1 Nb1 Ta1 Ti1 W1 Zr1,BCC+Laves,11.2,573.6686722,409,147.9419
Hf1 Mo1 Nb1 Ta1 Ti1 W1 Zr1,BCC+Laves,11.1,628.3754857,736,170.85836
Hf1 Nb1 Ta1 Ti1 W1 Zr1,BCC+Laves,11.2,573.6686722,345,147.9419
Hf1 Mo1 Nb1 Ta1 Ti1 W1 Zr1,BCC+Laves,11.1,628.3754857,703,170.85836
Nb1 Ti1 Zr1,BCC,6.5,372,1223,94
Hf1 Nb1 Ti1 Zr1,BCC,8.4,351,1000,89
Nb1 Ti1 Zr1,BCC,6.5,369.8391111,361.9639253,94
Hf1 Nb1 Ti1 Zr1,BCC,8.4,369.4295556,506.7492758,89
Nb1 Ti1 Zr1,BCC,6.5,369.8391111,462,94
Hf1 Nb1 Ti1 Zr1,BCC,8.4,369.4295556,303,89
Nb1 Ti1 Zr1,BCC,6.5,369.8391111,218,94
Hf1 Nb1 Ti1 Zr1,BCC,8.4,369.4295556,154,89
Co1 Cr1 Fe1 Ni1,FCC,8.2,168.9,163,226
Co1 Cr1 Fe1 Ni1 W0.2,FCC,8.9,244,335,238
Co1 Cr1 Fe1 Ni1 W0.5,FCC+Sec.,9.8,357.9,556,249.7666471
Cr1 Fe1 Mo1 Nb1 V1,BCC+Laves,8.1,826,2663,206.3195827
Cr1 Fe1 Mo1 Nb1 Ti1,BCC+Laves,7.6,792,1647,197.8220829
Fe1 Mo1 Nb1 Ti1 V1,BCC+B2,7.4,699,1707,172.8896531
Al0.15 Cr0.5 Cu0.25 Fe0.5 Ni1,FCC,7.8,107,62,200
Al0.15 Cr0.5 Cu0.25 Fe0.5 Ni1,FCC+L12,7.8,209,350,199.9396663
Al0.15 Cr0.5 Cu0.25 Fe0.5 Ni1,FCC+L12+Sec.,7.8,321,535,199.9396663
Al0.15 Cr0.5 Cu0.25 Fe0.5 Ni1,FCC+L12+Sec.,7.8,159,255,199.9396663
Hf1 Nb1 Ta1 Ti1 Zr1,BCC,9.9,351.0332345,846.5689548,107
Hf1 Nb1 Ta1 Ti1 Zr1,BCC,9.9,351.0332345,846.5689548,107
Hf1 Nb1 Ta1 Ti1 Zr1,BCC,9.9,351.0332345,846.5689548,107
Hf1 Nb1 Ta1 Ti1 Zr1,BCC,9.9,351.0332345,846.5689548,107
Hf1 Nb1 Ta1 Ti1 Zr1,BCC,9.9,351.0332345,846.5689548,107
Hf1 Nb1 Ta1 Ti1 Zr1,BCC,9.9,351.0332345,846.5689548,107
Hf1 Nb1 Ta1 Ti1 Zr1,BCC,9.9,351.0332345,846.5689548,107
Hf1 Nb1 Ta1 Ti1 Zr1,BCC,9.9,351.0332345,846.5689548,107
Hf1 Nb1 Ta1 Ti1 Zr1,BCC,9.9,351.0332345,846.5689548,107
Hf1 Nb1 Ta1 Ti1 Zr1,BCC,9.9,351.0332345,846.5689548,107
Hf1 Nb1 Ta1 Ti1 Zr1,BCC,9.9,351.0332345,846.5689548,107
Hf1 Nb1 Ta1 Ti1 Zr1,BCC,9.9,351.0332345,846.5689548,107
Hf1 Nb1 Ta1 Ti1 Zr1,BCC,9.9,351.0332345,846.5689548,107
Hf1 Nb1 Ta1 Ti1 Zr1,BCC,9.9,351.0332345,846.5689548,107
Hf1 Nb1 Ta1 Ti1 Zr1,BCC,9.9,351.0332345,846.5689548,107
Hf1 Nb1 Ta1 Ti1 Zr1,BCC,9.9,351.0332345,846.5689548,107
Hf1 Nb1 Ta1 Ti1 Zr1,BCC,9.9,351.0332345,846.5689548,107
Hf1 Nb1 Ta1 Ti1 Zr1,BCC,9.9,351.0332345,846.5689548,107
Hf1 Nb1 Ta1 Ti1 Zr1,BCC,9.9,351.0332345,846.5689548,107
Hf1 Nb1 Ta1 Ti1 Zr1,BCC,9.9,351.0332345,846.5689548,107
Hf1 Nb1 Ta1 Ti1 Zr1,BCC,9.9,351.0332345,846.5689548,107
Hf1 Nb1 Ta1 Ti1 Zr1,BCC,9.9,351.0332345,846.5689548,107
Hf1 Nb1 Ta1 Ti1 Zr1,BCC,9.9,351.0332345,846.5689548,107
Hf1 Nb1 Ta1 Ti1 Zr1,BCC,9.9,351.0332345,846.5689548,107
Hf1 Nb1 Ta1 Ti1 Zr1,BCC,9.9,351.0332345,846.5689548,107
Hf1 Nb1 Ta1 Ti1 Zr1,BCC,9.9,351.0332345,846.5689548,107
Hf1 Nb1 Ta1 Ti1 Zr1,BCC,9.9,351.0332345,846.5689548,107
Hf1 Nb1 Ta1 Ti1 Zr1,BCC,9.9,351.0332345,846.5689548,107
Hf1 Nb1 Ta1 Ti1 Zr1,BCC,9.9,351.0332345,846.5689548,107
Hf1 Nb1 Ta1 Ti1 Zr1,BCC,9.9,351.0332345,846.5689548,107
Hf1 Nb1 Ta1 Ti1 Zr1,BCC,9.9,351.0332345,846.5689548,107
Hf1 Nb1 Ta1 Ti1 Zr1,BCC,9.9,351.0332345,846.5689548,107
Hf1 Nb1 Ta1 Ti1 Zr1,BCC,9.9,351.0332345,846.5689548,107
Hf1 Nb1 Ta1 Ti1 Zr1,BCC,9.9,351.0332345,846.5689548,107
Hf1 Nb1 Ta1 Ti1 Zr1,BCC,9.9,351.0332345,846.5689548,107
Hf1 Nb1 Ta1 Ti1 Zr1,BCC,9.9,351.0332345,846.5689548,107
Hf1 Nb1 Ta1 Ti1 Zr1,BCC,9.9,351.0332345,846.5689548,107
Hf1 Nb1 Ta1 Ti1 Zr1,BCC,9.9,351.0332345,846.5689548,107
Hf1 Nb1 Ta1 Ti1 Zr1,BCC,9.9,351.0332345,846.5689548,107
Hf1 Nb1 Ta1 Ti1 Zr1,BCC,9.9,351.0332345,846.5689548,107
Hf1 Nb1 Ta1 Ti1 Zr1,BCC,9.9,351.0332345,846.5689548,107
Hf1 Nb1 Ta1 Ti1 Zr1,BCC,9.9,351.0332345,846.5689548,107
Co1 Cr1 Fe1 Ni1 Ti0.3,FCC,7.8,263,540,214
Co1 Cr1 Fe1 Ni1 Ti0.3,FCC,7.8,185,517.0645808,214
Co0.333 Cr0.667 Fe0.667 Ni1 Ti0.2,FCC,7.8,197,507.6418699,213
Co0.333 Cr0.667 Fe0.667 Ni1 Ti0.2,FCC,7.8,308,586,213
Cr0.5 Fe0.5 Ni1 Ti0.15,FCC,7.8,335,672,212
Cr0.5 Fe0.5 Ni1 Ti0.15,FCC,7.8,204,506.9780703,212
Nb1 Ta1 Ti1,BCC,10,391.8568074,573,136
Nb1 Ta1 Ti1,BCC,10,391.8568074,486,136
Nb1 Ta1 Ti1,BCC,10,391.8568074,378,136
Nb1 Ta1 Ti1,BCC,10,391.8568074,314,136
Nb1 Ta1 Ti1,BCC,10,391.8568074,232,136
Nb1 Ta1 Ti1,BCC,10,391.8568074,222,136
Nb1 Ta1 Ti1,BCC,10,391.8568074,210,136
Nb1 Ta1 Ti1,BCC,10,391.8568074,160,136
Al1 Nb1 Ta1 Ti1,BCC,8.2,450.1946667,1152,120
Al1 Nb1 Ta1 Ti1,BCC,8.2,450.1946667,740,120
Al1 Nb1 Ta1 Ti1,BCC,8.2,450.1946667,740,120
Mo1 Nb1 Ta1 Ti1,BCC,10,443.9919127,1210,179
Mo1 Nb1 Ta1 Ti1,BCC,10,443.9919127,1071,179
Mo1 Nb1 Ta1 Ti1,BCC,10,443.9919127,1029,179
Mo1 Nb1 Ta1 Ti1,BCC,10,443.9919127,868,179
Mo1 Nb1 Ta1 Ti1,BCC,10,443.9919127,732,179
Mo1 Nb1 Ta1 Ti1,BCC,10,443.9919127,685,179
Mo1 Nb1 Ta1 Ti1,BCC,10,443.9919127,593,179
Mo1 Nb1 Ta1 Ti1,BCC,10,443.9919127,564,179
Mo1 Nb1 Ta1 Ti1,BCC,10,443.9919127,539,179
Nb1 Ta1 Ti1 W1,BCC,12.1,496.8694974,1054,198
Nb1 Ta1 Ti1 W1,BCC,12.1,496.8694974,968,198
Nb1 Ta1 Ti1 W1,BCC,12.1,496.8694974,869,198
Nb1 Ta1 Ti1 W1,BCC,12.1,496.8694974,754,198
Nb1 Ta1 Ti1 W1,BCC,12.1,496.8694974,627,198
Nb1 Ta1 Ti1 W1,BCC,12.1,496.8694974,596,198
Nb1 Ta1 Ti1 W1,BCC,12.1,496.8694974,564,198
Nb1 Ta1 Ti1 W1,BCC,12.1,496.8694974,459,198
Hf1 Nb1 Ta1 Ti1,BCC,10.9,295.7282063,860,119
Hf1 Nb1 Ta1 Ti1,BCC,10.9,295.7282063,834,119
Hf1 Nb1 Ta1 Ti1,BCC,10.9,295.7282063,610,119
Hf1 Nb1 Ta1 Ti1,BCC,10.9,295.7282063,473,119
Cr1 Mo1 Nb1 Ti1,BCC,7.6,611.6964074,1630,196
Cr1 Mo1 Nb1 Ti1,BCC,7.6,611.6964074,1268,196
Cr1 Mo1 Nb1 Ti1,BCC,7.6,611.6964074,1115,196
Cr1 Mo1 Nb1 Ti1,BCC,7.6,611.6964074,1062,196
Cr1 Mo1 Nb1 Ti1,BCC,7.6,611.6964074,1058,196
Cr1 Mo1 Ta1 Ti1,BCC+Laves,9.9,641.1771812,1795,219.6883646
Cr1 Mo1 Ta1 Ti1,BCC+Laves,9.9,641.1771812,1506,219.6883646
Cr1 Mo1 Ta1 Ti1,BCC+Laves,9.9,641.1771812,1266,219.6883646
Cr1 Mo1 Ta1 Ti1,BCC+Laves,9.9,641.1771812,1183,219.6883646
Cr1 Mo1 Ta1 Ti1,BCC+Laves,9.9,641.1771812,1175,219.6883646
Cr1 Mo1 Ta1 Ti1,BCC+Laves,9.9,641.1771812,1162,219.6883646
Cr1 Mo1 Ta1 Ti1,BCC+Laves,9.9,641.1771812,1162,219.6883646
Cr1 Mo1 Ta1 Ti1,BCC+Laves,9.9,641.1771812,1159,219.6883646
Hf0.25 Ti1 V0.5 Zr0.5,BCC,6.5,338.3,1160,100
Hf0.25 Ti1 V0.5 Zr0.5,BCC,6.5,338.3,405,100
Hf0.25 Ti1 V0.5 Zr0.5,BCC,6.5,338.3,85,100
Hf0.25 Nb0.125 Ti1 V0.5 Zr0.5,BCC,6.6,332.4,1115,100
Hf0.25 Nb0.25 Ti1 V0.5 Zr0.5,BCC,6.7,322.5,1065,100
Hf0.25 Nb0.25 Ti1 V0.5 Zr0.5,BCC,6.7,322.5,718,100
Hf0.25 Nb0.25 Ti1 V0.5 Zr0.5,BCC,6.7,322.5,135,100
Hf0.25 Nb0.375 Ti1 V0.5 Zr0.5,BCC,6.8,318.9,1025,100
Hf0.25 Nb0.5 Ti1 V0.5 Zr0.5,BCC,6.9,310.4,980,101
Hf0.25 Nb0.5 Ti1 V0.5 Zr0.5,BCC,6.9,310.4,859,101
Hf0.25 Nb0.5 Ti1 V0.5 Zr0.5,BCC,6.9,310.4,195,101
Cr1 Cu1 Fe1 Mn1 Ni1,Other,8.1,398,1190,203.1816517
Cr1 Cu1 Fe1 Mn1 Ni1,Other,8.1,367,1170,203.1816517
Cr1 Cu1 Fe1 Mn1 Ni1,Other,8.1,312,1030,203.1816517
Cr1 Cu1 Fe1 Mn1 Ni1,Other,8.1,271,970,203.1816517
Cr1 Cu1 Fe1 Mn1 Ni1,Other,8.1,183,850,203.1816517
Cr1 Cu1 Fe1 Mn1 Ni1,Other,8.1,162,470,203.1816517
Co0.476 Cr0.476 Fe0.476 Nb0.095 Ni1,FCC+Laves,8.3,175.6069556,170,214.7248009
Co0.476 Cr0.476 Fe0.476 Nb0.19 Ni1,FCC+Laves,8.4,174.2313746,640,211.773601
Co0.476 Cr0.476 Fe0.476 Nb0.095 Ni1,FCC+Laves+Sec.,8.3,175.6069556,560,214.7248009
Co0.476 Cr0.476 Fe0.476 Nb0.19 Ni1,FCC+Laves,8.4,174.2313746,460.1876479,211.773601
C0.053 Co1 Cr1 Fe1 Mn1 Ni1,FCC+Sec.,8,345,543.3493231,218.674862
C0.053 Co1 Cr1 Fe1 Mn1 Ni1,FCC+Sec.,8,285,494.0742567,218.674862
Al1 Co1 Cr1 Fe1 Ni1,BCC+FCC,6.7,550,1221.1,184.4160003
Al1 Co1 Cr1 Fe1 Ni1,BCC+FCC,6.7,510,1186.7,184.4160003
Al1 Co1 Cr1 Fe1 Ni1,BCC+FCC,6.7,503,1112.9,184.4160003
Cr1 Mo1 Nb1 Ti1 W1,BCC+Laves,9.9,655.4926368,2500,236.045577
Cr1 Mo1 Nb1 Ti1 W1,BCC+Laves,9.9,655.4926368,1260,236.045577
Cr1 Mo1 Nb1 Ti1 W1,BCC+Laves,9.9,655.4926368,1630,236.045577
Cr1 Mo1 Nb1 Ti1 W1,BCC+Laves,9.9,655.4926368,2030,236.045577
Cr1 Mo1 Nb1 Ti1 W1,BCC+Laves,9.9,655.4926368,1920,236.045577
Al1 Co1 Cr1 Fe1 Ni1,BCC+B2,6.7,501.0632388,1093.678166,184.4160003
Al1 Co1 Cr1 Fe1 Ni1,BCC+B2,6.7,501.0632388,1093.678166,184.4160003
Al1 Co1 Cr1 Fe1 Ni1,BCC+B2+FCC,6.7,501.0632388,1093.678166,184.4160003
Al1 Co1 Cr1 Fe1 Ni1,BCC+B2+FCC,6.7,501.0632388,1093.678166,184.4160003
Al1 Co1 Cr1 Fe1 Ni1,BCC+B2+FCC,6.7,501.0632388,520,184.4160003
Al1 Co1 Cr1 Fe1 Ni1,BCC+B2+FCC,6.7,501.0632388,1150,184.4160003
Al1 Co1 Cr1 Fe1 Ni1,BCC+B2+FCC,6.7,501.0632388,1287,184.4160003
Al1 Co1 Cr1 Fe1 Ni1,BCC+B2+FCC,6.7,501.0632388,1286,184.4160003
Al1 Co1 Cr1 Fe1 Ni1,BCC+B2+FCC,6.7,501.0632388,1390,184.4160003
Al1 Co1 Cr1 Fe1 Ni1,BCC+B2+FCC,6.7,501.0632388,1626,184.4160003
Cr1 Fe1 Mn1 Ni1,FCC,7.8,254.5103839,379.3981904,222
Co0.25 Cr0.25 Fe1 Mn1,FCC,7.7,327.4394921,213,212
Co0.25 Cr0.25 Fe1 Mn1,FCC,7.7,327.4394921,393,212
Co0.25 Cr0.25 Fe1 Mn1,FCC,7.7,327.4394921,792,212
Co0.25 Cr0.25 Fe1 Mn1,FCC,7.7,327.4394921,559,212
Co0.25 Cr0.25 Fe1 Mn1,FCC,7.7,327.4394921,512,212
Co0.25 Cr0.25 Fe1 Mn1,FCC,7.7,327.4394921,476,212
Co1 Cr1 Fe1 Mn1 Ni1,FCC,8,198.8438598,353,220
C0.041 Co1 Cr1 Fe1 Mn1 Nb0.041 Ni1,FCC+Sec.,8,374.4463889,732,217.8734954
Al0.5 Nb1 Ta0.5 Ti1 Zr1,BCC+HCP,7.3,395.4191175,1500,101.8206372
Al0.5 Nb1 Ta0.5 Ti1 Zr1,BCC,7.3,395.4191175,1490.391347,102
Al0.5 Nb1 Ta0.5 Ti1 Zr1,BCC+HCP,7.3,395.4191175,1200,101.8206372
Al0.5 Nb1 Ta0.5 Ti1 Zr1,BCC+HCP,7.3,395.4191175,2100,101.8206372
Al0.5 Nb1 Ta0.5 Ti1 Zr1,BCC+HCP,7.3,395.4191175,1740,101.8206372
Al0.5 Nb1 Ta0.5 Ti1 Zr1,BCC+HCP,7.3,395.4191175,1630,101.8206372
Mo1 Nb1 Ta1 W1,BCC,13.7,504.5,1217,250
Mo1 Nb1 Si0.25 Ta1 W1,BCC+Sec.,12.9,567,1826,236.4252191
Mo1 Nb1 Si0.5 Ta1 W1,BCC+Sec.,12.2,697,1883,223.7595175
Mo1 Nb1 Si0.75 Ta1 W1,BCC+Sec.,11.6,682.6,2483,212.7453747
Mo1 Nb1 Ta1 W1,BCC,13.7,420,763.5110145,250
Mo1 Nb1 Si0.25 Ta1 W1,BCC+Sec.,12.9,425,915.0358451,236.4252191
Mo1 Nb1 Si0.5 Ta1 W1,BCC+Sec.,12.2,535,1346.895838,223.7595175
Mo1 Nb1 Si0.75 Ta1 W1,BCC+Sec.,11.6,640,1464.214728,212.7453747
Mo1 Nb1 Ta1 W1,BCC,13.7,425,763.3556415,250
Mo1 Nb1 Si0.25 Ta1 W1,BCC+Sec.,12.9,420,924.3500829,236.4252191
Mo1 Nb1 Si0.5 Ta1 W1,BCC+Sec.,12.2,560,1351.08361,223.7595175
Mo1 Nb1 Si0.75 Ta1 W1,BCC+Sec.,11.6,600,1348.468993,212.7453747
Mo1 Nb1 Ta1 W1,BCC,13.7,340,826.2012302,250
Mo1 Nb1 Si0.25 Ta1 W1,BCC+Sec.,12.9,425,915.0358451,236.4252191
Mo1 Nb1 Si0.5 Ta1 W1,BCC+Sec.,12.2,540,1349.576393,223.7595175
Mo1 Nb1 Si0.75 Ta1 W1,BCC+Sec.,11.6,650,1721.45133,212.7453747
Mo1 Nb1 Ta1 W1,BCC,13.7,335.5,828.8617414,250
Mo1 Nb1 Si0.25 Ta1 W1,BCC+Sec.,12.9,399.2,775.3013984,236.4252191
Mo1 Nb1 Si0.5 Ta1 W1,BCC+Sec.,12.2,550.5,1349.071303,223.7595175
Mo1 Nb1 Si0.75 Ta1 W1,BCC+Sec.,11.6,597.3,1352.871881,212.7453747
Mo1 Nb1 Si0.75 Ta1 W1,BCC+Sec.,11.6,631.6415445,960,212.7453747
Co1 Cr1 Fe1 Mn1 Ni1,FCC,8,198.8438598,1199.26,220
Co1 Cr1 Fe1 Mn1 Ni1,FCC,8,198.8438598,1269.23,220
Co1 Cr1 Fe1 Mn1 Ni1,FCC,8,198.8438598,1371.21,220
Co1 Cr1 Fe1 Mn1 Ni1,FCC,8,198.8438598,1362.74,220
Co1 Cr1 Fe1 Mn1 Ni1,FCC,8,198.8438598,1241.81,220
Co1 Cr1 Fe1 Mn1 Ni1,FCC,8,198.8438598,930.3,220
Co1 Cr1 Fe1 Mn1 Ni1,FCC,8,198.8438598,729.21,220
Co1 Cr1 Fe1 Mn1 Ni1,FCC,8,198.8438598,494.82,220
Co1 Cr1 Fe1 Mn1 Ni1,FCC,8,198.8438598,366.88,220
Co1 Cr1 Fe1 Mn1 Ni1,FCC,8,198.8438598,290.65,220
Co1 Cr1 Fe1 Mn1 Ni1,FCC,8,198.8438598,258.76,220
C0.1 Co1 Cr1 Fe1 Mn1 Ni1 Ti0.1,FCC+Sec.,7.8,457,1616,214.3244011
C0.1 Co1 Cr1 Fe1 Mn1 Ni1 Ti0.1,FCC+Sec.,7.8,461,1652,214.3244011
C0.1 Co1 Cr1 Fe1 Mn1 Ni1 Ti0.1,FCC+Sec.,7.8,428,1490,214.3244011
C0.1 Co1 Cr1 Fe1 Mn1 Ni1 Ti0.1,FCC+Sec.,7.8,378,1194,214.3244011
Co1 Cr1 Fe1 Ni1,FCC,8.2,127.5599349,361.2795122,226
Al0.5 Co1 Cr1 Fe1 Ni1,FCC+BCC,7.3,250,650.4655878,201.8352376
Al1 Co1 Cr1 Fe1 Ni1,BCC,6.7,500,1111.04061,184
Al1 Co0.5 Cr0.5 Fe0.5 Ni0.5,BCC,5.9,733,1290.596574,160
Al0.5 Co1 Fe1 Ni1 Ti0.5,FCC+BCC,6.9,733,1803.386474,169.7791496
Al0.5 Co1 Cr1 Fe1 Ni1 Ti0.5,FCC+FCC,6.9,640,1670.090117,191.7196918
Al0.5 Co1 Cr1 Fe1 Mn1 Ni1,,7.4,426.6066667,980.9835974,202.2003331
Al0.5 Co1 Cr1 Fe1 Mn1 Ni1 Ta0.2,FCC+BCC+Sec.,7.8,385,825.6608554,202.6581012
Al0.5 Co1 Cr1 Fe1 Mn1 Ni1 Ta0.4,FCC+BCC+Sec.,8.3,486,1067.179832,204.6520085
Al0.55 Co1 Cr1 Fe1 Mn1 Ni1 Ta0.6,FCC+BCC+Sec.,8.6,570,1383.224175,203.7465226
Co1 Cr1 Fe1 Mn1 Ni1,FCC+BCC,8,387.2692151,1179.468189,219.5327956
Co1 Cr1 Fe1 Mn1 Ni1 Ta0.2,FCC+BCC,8.5,200,480.8855626,220.3999166
Co1 Cr1 Fe1 Mn1 Ni1 Ta0.4,FCC+BCC,9,290,575.8314362,221.6050728
Co1 Cr1 Fe1 Mn1 Ni1 Ta0.6,FCC+BCC,9.4,345,603.6756577,221.7488883
Al0.3 Co1 Cr1 Fe1 Ni1,FCC,7.6,160,511.6472487,210
Al0.3 Co1 Cr1 Fe1 Mo0.1 Ni1,FCC,7.7,200,527.7550216,214
Al0.143 Cr0.343 Fe1 Mn0.8 Ni0.571,FCC,7.5,302.7839836,280,204
Al0.286 Cr0.343 Fe1 Mn0.657 Ni0.571,FCC,7.2,342.9881556,320,195
Al0.143 Cr0.343 Fe1 Mn0.8 Ni0.571,FCC,7.5,302.7839836,1253,204
Al0.286 Cr0.343 Fe1 Mn0.657 Ni0.571,FCC,7.2,342.9881556,1400,195
Co1 Cu1 Fe1 Mn1 Ni1,FCC,8.4,212.6451905,495.7169849,189
Co1 Cu1 Fe1 Mn1 Ni1,FCC,8.4,212.6451905,495.7169849,189
Co1 Cu1 Fe1 Mn1 Ni1,FCC,8.4,212.6451905,495.7169849,189
Co1 Cr1 Fe1 Mo0.15 Ni1,FCC,8.3,175.8544905,489,231
Co1 Cr1 Fe1 Mo0.15 Ni1,,8.3,175.8544905,873,229.514546
Co1 Cr1 Fe1 Mo0.15 Ni1,,8.3,175.8544905,952,229.514546
Co1 Cr1 Fe1 Mo0.15 Ni1,FCC,8.3,175.8544905,1136,231
Co1 Cr1 Fe1 Mo0.15 Ni1,FCC,8.3,175.8544905,1301,231
Co1 Cr1 Fe1 Mo0.15 Ni1,,8.3,175.8544905,1311,229.514546
Co1 Cr1 Fe1 Mo0.15 Ni1,,8.3,175.8544905,1273,229.514546
Co0.139 Cr0.446 Cu0.99 Ni1 Si0.277,,7.6,142.5,777,166.4014116
Co0.139 Cr0.446 Cu0.99 Ni1 Si0.277,,7.6,147.4,582.966094,166.4014116
Co0.139 Cr0.446 Cu0.99 Ni1 Si0.277,,7.6,155.2,586.7281161,166.4014116
Al1 Co1 Cr0.091 Nb0.727 W0.212,,7.2,1084,1876.397029,144.7324306
Co1 Cr0.917 Ni1 Ta0.5 Ti0.75,,8.8,1011,2316.681669,204.2535536
Al0.947 Co0.158 Mo1 Ni0.289 W0.237,,8,725,650.1645983,214.1835176
Co0.043 Nb0.638 Ni1 Ta0.255 Ti0.191,,9.5,815,2267.602362,163.9016587
Co0.273 Cr0.477 Nb0.477 Ni0.045 Ti1,,6.4,422,776.1098377,151.7781167
Co1 Cr0.487 Nb0.231 Ta0.026 Ti0.821,,6.9,856,2129.36384,176.1096105
Co0.564 Nb0.795 Ta0.103 Ti1 W0.103,,7.7,277,640.4823505,143.8828841
Al1 Co1 Cu1 Fe1 Ni0.5,FCC+BCC+B2,6.9,430.9,929,150.0191321
Al1 Co1 Cu1 Fe1 Ni0.8,FCC+BCC+B2,7,420,1021,152.5641306
Al1 Co1 Cu1 Fe1 Ni1,FCC+BCC+B2,7,391.4,994,153.3772391
Al0.667 Co0.667 Cu0.667 Fe0.667 Ni1,FCC+BCC+B2,7.2,323.8,680,157.5285109
Al0.5 Co0.5 Cu0.5 Fe0.5 Ni1,FCC+BCC+B2,7.3,299.2,544,160.4079138
Al0.333 Co0.333 Cu0.333 Fe0.333 Ni1,FCC,7.5,279.6,268,167
Al0.5 Cr1 Fe1 Mn1 Ni1,BCC+B2,7.1,353,1091,200.578822
Al0.6 Cr1 Fe1 Mn1 Ni1,BCC+B2,6.9,361,1130,195.9081122
Al0.7 Cr1 Fe1 Mn1 Ni1,BCC+B2,6.8,375,1170,192.564077
Al0.8 Cr1 Fe1 Mn1 Ni1,BCC+B2,6.7,386,1200,189.3080082
Co1 Cr0.2 Fe1 Ni1 Si0.2,FCC,7.8,130.1,225,195
Co1 Cr0.2 Fe1 Ni1 Si0.2,FCC,7.8,318.2,705,195
Co1 Cr0.2 Fe1 Ni1 Si0.2,FCC,7.8,153.8,320,195
Al1 Cu0.077 Fe0.077 Mg0.077 Si0.231 Zn0.077,FCC,3.2,790.1733333,422,73
Al1 Cu0.077 Mg0.077 Ni0.077 Si0.231 Zn0.077,FCC,3.2,777.5733333,534,72
Al1 Cr0.077 Cu0.077 Mg0.077 Si0.231 Zn0.077,FCC,3.1,793.42,490,75
Al1 Cu0.077 Mg0.077 Mn0.077 Si0.231 Zn0.077,FCC,3.2,788.1933333,622,73
Al1 Cu0.077 Mg0.077 Si0.231 Zn0.077 Zr0.077,FCC+Laves,3.2,791.5,565,65.30582506
Co1 Cr1 Fe1 Mo0.2 Ni1,FCC,8.3,183.0364905,400,232
Co1 Cr1 Fe1 Mo0.2 Ni1,FCC,8.3,183.0364905,488.5353332,232
Co1 Cr1 Fe1 Mo0.2 Ni1,FCC,8.3,183.0364905,488.5353332,232
Co1 Cr1 Fe1 Mo0.2 Ni1,FCC,8.3,183.0364905,488.5353332,232
Co1 Cr1 Fe1 Mo0.2 Ni1,FCC,8.3,183.0364905,488.5353332,232
Co1 Cr1 Fe1 Mo0.2 Ni1,FCC,8.3,183.0364905,488.5353332,232
Co1 Cr1 Fe1 Mo0.2 Ni1,FCC,8.3,183.0364905,488.5353332,232
Co1 Cr1 Fe1 Mo0.2 Ni1,FCC,8.3,183.0364905,488.5353332,232
Co1 Cr1 Fe1 Mo0.2 Ni1,FCC,8.3,183.0364905,488.5353332,232
Co1 Cr1 Fe1 Mo0.2 Ni1,FCC,8.3,183.0364905,488.5353332,232
Co1 Cr1 Fe1 Mo0.2 Ni1,FCC,8.3,183.0364905,488.5353332,232
Al0.569 Ca0.143 Li0.857 Mg1 Si0.286 Y0.003,,1.6,604.6870889,556,87.91699164
Al0.429 Ca0.286 Li1 Mg1 Si0.143,,1.4,601.9407778,418,86.60696588
Al0.312 Ca0.021 Li0.792 Mg1 Si0.021,,1.4,600.261,360,96.38878171
Al0.333 Ca0.011 Li0.844 Mg1 Si0.033,,1.4,598.3476667,342,95.18128419
Al0.333 Ca0.011 Li0.867 Mg1 Si0.011,,1.4,598.8143333,300,95.37695046
Co1 Cr1 Fe1 Ni1 Pd1,FCC,9.2,295,596.2824689,201
Co1 Cr1 Fe1 Mn0.2 Ni1 Pd1,FCC+Sec.,9.1,470,650,219.478231
Co1 Cr1 Fe1 Mn0.4 Ni1 Pd1,FCC+Sec.,9.1,380,650,219.4678273
Co1 Cr1 Fe1 Mn0.6 Ni1 Pd1,FCC+Sec.,9,180,650,218.2271844
Co1 Cr1 Fe1 Mn0.8 Ni1 Pd1,FCC+Sec.,8.9,160,650,216.9872078
Al0.3 Co1 Cr1 Fe1 Mn1 Ni1,,7.6,397.26,1138.501085,208.4152282
Cr1 Fe1 Ni1 Ti0.2,BCC+FCC,7.6,362.2,2297.94,219.8183707
Cr1 Fe1 Ni1 Ti0.3,BCC+FCC,7.5,510.3,2364.63,216.1581439
Cr1 Fe1 Ni1 Ti0.4,BCC,7.4,600.3,2475.41,212
Cr1 Fe1 Ni1 Ti0.5,BCC,7.3,709.6,2380.79,208
Cr1 Fe1 Ni1 Ti0.6,BCC,7.2,718.2,1923.15,204
Al1 Cr1 Cu1 Fe1 Mn1,Other,6.5,633,1010,168.8180878
Al1 Cr1 Cu1 Fe1 Mn1 W0.05,BCC+Sec.,6.7,680,1120,171.9976436
Al1 Cr1 Cu1 Fe1 Mn1 W0.1,BCC+Sec.,6.8,705,1250,173.9467708
Al1 Cr1 Cu1 Fe1 Mn1 W0.5,BCC+Sec.,7.9,780,1510,192.6845882
Co1 Cu1 Fe1 Nb0.5 Ni1,FCC+Laves,8.6,200.8510889,396.8781809,176.9985703
Co0.2 Cu0.2 Fe0.2 Nb1 Ni0.2,FCC+Laves,8.6,437.9197222,1498,139.0853254
Co0.133 Cu0.133 Fe0.133 Nb1 Ni0.133,FCC+Laves,8.6,429.5170079,1635,130.548656
Co0.086 Cu0.086 Fe0.086 Nb1 Ni0.086,FCC+Laves,8.6,433.4286068,1703,123.8002374
Co0.067 Cu0.067 Fe0.067 Nb1 Ni0.067,FCC+Laves,8.6,426.8849401,1415,120.6897409
Co0.2 Cr0.2 Fe1 Mn0.6,FCC+Sec.,7.8,296,370.4285515,213.5672721
B0.006 Co0.201 Cr0.201 Fe1 Mn0.604,FCC+Sec.,7.8,282,338.4763846,213.3445083
B0.012 Co0.202 Cr0.202 Fe1 Mn0.607,FCC+Sec.,7.8,306,376.2281837,213.1288314
B0.035 Co0.207 Cr0.207 Fe1 Mn0.621,FCC+Sec.,7.7,452,969.6348557,211.1103988
Al0.186 Cr0.149 Fe1 Mn0.861 Ni0.28,,7.3,355.9077619,159,195.0309561
Al0.186 Cr0.149 Fe1 Mn0.861 Ni0.28,,7.3,355.9077619,409,195.0309561
Al0.186 Cr0.149 Fe1 Mn0.861 Ni0.28,,7.3,355.9077619,355,195.0309561
Al0.186 Cr0.149 Fe1 Mn0.861 Ni0.28,,7.3,355.9077619,954,195.0309561
Hf1 Ti1 Zr1,Other,8.3,211,773,81.11674715
Hf1 Sc1 Ti1 Zr1,Other,6.8,233,1001,76.46535345
Hf1 Ti1 Y1 Zr1,Other,7,241,554,78.88184971
Hf1 Sc1 Ti1 Y1 Zr1,Other,6.2,256,793,77.29926162
Co1 Cr1 Fe1 Ga1 Ni1,FCC+BCC,7.5,462.0708222,926.4739631,199.7937492
Al0.562 Co0.938 Cr0.312 Fe0.312 Ni1,FCC+BCC,7.1,305.4,1129.4,179.4491232
Al0.581 Co0.968 Cr0.323 Fe0.323 Mo0.032 Ni1,FCC+BCC,7.1,357.3,1159.7,180.5793478
Al0.6 Co1 Cr0.333 Fe0.333 Mo0.067 Ni1,FCC+BCC,7.1,362.6,1250.8,181.7063586
Al0.6 Co1 Cr0.333 Fe0.333 Mo0.1 Ni0.967,FCC+BCC,7.2,359.7,1198.3,184.054561
Co1 Cr1 Fe1 Mo0.149 Ni1,FCC+Sec.,8.3,210,740.7984234,229.4964009
Co1 Cr1 Cu1 Fe1 Ni1,FCC,8.3,234.3997179,300,206
Co1 Cr1 Cu1 Fe1 Ni1 V0.042,FCC+Sec.,8.3,196.6890513,303,204.766534
Co1 Cr1 Cu1 Fe1 Ni1 V0.087,FCC+Sec.,8.3,196.0957179,307,204.3181328
Co1 Cr1 Cu1 Fe1 Ni1 V0.136,FCC+Sec.,8.3,194.3496068,330,203.8388099
Co1 Cr1 Cu1 Fe1 Ni1 V0.19,FCC+Sec.,8.2,193.5566068,616,202.0856965
Co1 Cr1 Cu1 Ni1 Zn1,BCC+FCC,8.1,500.1138434,1298.734462,185.4798892
Co1 Cr1 Cu1 Ni1 Zn1,BCC+FCC,8.1,500.1138434,1298.734462,185.4798892
Co1 Cr1 Cu1 Ni1 Zn1,BCC+FCC,8.1,500.1138434,1298.734462,185.4798892
Co1 Cr1 Cu1 Ni1 Zn1,FCC+FCC,8.1,615,2121,185.4798892
Hf1 Nb1 Ta1 Ti1 Zr1,BCC,9.9,359,1155,107
Nb1 Ta1 Ti1 Zr1,BCC,8.9,358,1144,115
Nb1 Ta1 Ti1,BCC,10,246,620,136
Ta1 Ti1 Zr1,BCC+Sec.,9,485,690.4976817,117.8224446
Nb1 Ti1 Zr1,BCC,6.5,295,956,94
Nb1 Ta0.667 Ti0.667 Zr0.333,BCC+Sec.,9.2,294,822,121.2715863
Nb0.333 Ta0.667 Ti0.667 Zr1,BCC+Sec.,8.6,489,791.3780725,109.4853128
Ag1 Al1 Nb1 Ti1 Zn1,,6.7,533.6521905,1033.393135,114.9432552
Ag1 Al1 Nb1 Ti1 Zn1,,6.7,533.6521905,1033.393135,114.9432552
Ag1 Al1 Nb1 Ti1 Zn1,,6.7,533.6521905,1033.393135,114.9432552
Ag1 Al1 Nb1 Ti1 Zn1,,6.7,533.6521905,1033.393135,114.9432552
Ag1 Al1 Nb1 Ti1 Zn1,,6.7,533.6521905,1033.393135,114.9432552
Al0.774 Fe1 Mn0.903 Ni0.484,,6.3,310,1373.786897,160.1573272
Al0.774 Fe1 Mn0.903 Ni0.484 Ti0.026,,6.3,330,1380.960365,159.9738324
Al0.774 Fe1 Mn0.903 Ni0.484 Ti0.097,,6.2,500,1101.566769,158.327422
Al0.774 Fe1 Mn0.903 Ni0.484,,6.3,340,1345.464397,160.1573272
Al0.774 Fe1 Mn0.903 Ni0.484 Ti0.026,,6.3,410,896.4712623,159.9738324
Al0.774 Fe1 Mn0.903 Ni0.484 Ti0.097,,6.2,495,1013.884492,158.327422
Al0.774 Fe1 Mn0.903 Ni0.484,,6.3,330,1357.368839,160.1573272
Al0.774 Fe1 Mn0.903 Ni0.484 Ti0.026,,6.3,330,1380.960365,159.9738324
Al0.774 Fe1 Mn0.903 Ni0.484 Ti0.097,,6.2,490,1012.902001,158.327422
Al1 C1 Co1 Cr1 Fe1 Ni1,FCC+BCC,6.2,693.788,1306.437136,167.8148519
Cr1 Cu1 Fe1 Ni1 Ti1,FCC+BCC,7.2,579.7175397,1383.105754,180.9524405
Cr1 Cu1 Fe1 Ni1 Ti1,FCC+BCC,7.2,579.7175397,1383.105754,180.9524405
Cr1 Cu1 Fe1 Ni1 Ti1,FCC+BCC,7.2,579.7175397,1383.105754,180.9524405
Cr1 Cu1 Fe1 Ni1 Ti1,FCC+BCC,7.2,579.7175397,1383.105754,180.9524405
Co1 Cr1 Fe1 Mn1 Ni1,FCC,8,435,1100,219.5327956
Al0.5 Cr1 Cu1 Fe1 Ni1,FCC,7.4,226,628.1686619,185
Al0.5 Cr1 Cu1 Fe1 Ni1,FCC,7.4,287,722.4942838,185
Hf1 Mo1 Nb1 Ta1 Ti1 Zr1,BCC,9.9,519.6967778,1512,137
Hf1 Mo1 Ta1 Ti1 Zr1,BCC,10.2,510.0876667,1600,143
Hf1 Mo1 Nb1 Ti1 Zr1,BCC,8.7,494.8125,1351,128
Hf1 Mo1 Nb1 Ta1 Zr1,BCC,10.9,521.6409902,1524,141
Hf1 Mo1 Nb1 Ta1 Ti1,BCC,10.8,495.5893333,1369,155
Hf1 Mo1 Nb1 Ta1 Ti1 Zr1,BCC,9.9,519.6967778,1007,137
Hf1 Mo1 Ta1 Ti1 Zr1,BCC,10.2,510.0876667,1045,143
Hf1 Mo1 Nb1 Ti1 Zr1,BCC,8.7,494.8125,829,128
Hf1 Mo1 Nb1 Ta1 Zr1,BCC,10.9,521.6409902,1005,141
Hf1 Mo1 Nb1 Ta1 Ti1,BCC,10.8,495.5893333,822,155
Hf1 Mo1 Nb1 Ta1 Ti1 Zr1,BCC,9.9,519.6967778,814,137
Hf1 Mo1 Ta1 Ti1 Zr1,BCC,10.2,510.0876667,855,143
Hf1 Mo1 Nb1 Ti1 Zr1,BCC,8.7,494.8125,721,128
Hf1 Mo1 Nb1 Ta1 Zr1,BCC,10.9,521.6409902,927,141
Hf1 Mo1 Nb1 Ta1 Ti1,BCC,10.8,495.5893333,778,155
Hf1 Mo1 Nb1 Ta1 Ti1 Zr1,BCC,9.9,519.6967778,556,137
Hf1 Mo1 Ta1 Ti1 Zr1,BCC,10.2,510.0876667,404,143
Hf1 Mo1 Nb1 Ti1 Zr1,BCC,8.7,494.8125,301,128
Hf1 Mo1 Nb1 Ta1 Zr1,BCC,10.9,521.6409902,694,141
Hf1 Mo1 Nb1 Ta1 Ti1,BCC,10.8,495.5893333,699,155
Hf1 Mo1 Nb1 Ta1 Zr1,BCC,10.9,521.6409902,278,141
Hf1 Mo1 Nb1 Ta1 Ti1,BCC,10.8,495.5893333,367,155
Co1 Cr1 Fe1 Ni1,FCC,8.2,127.5599349,361.2795122,226
C0.111 Co1 Cr1 Fe1 Ni1 W0.111,FCC,8.5,475,1180.440334,228.0306611
C0.429 Co1 Cr1 Fe1 Ni1 W0.429,FCC,9.1,531,1392.680999,232.7601219
Al0.267 Co1 Cr0.667 Fe0.667 Ni0.667 Ti0.2,FCC+BCC,7.3,515,2012,199.786515
Hf1 Nb1 Ta1 Ti1 Zr1,BCC,9.9,351.0332345,1438,107
Hf1 Nb1 Ta1 Ti1 Zr1,BCC,9.9,351.0332345,1159,107
Hf1 Nb1 Ta1 Ti1 Zr1,BCC,9.9,351.0332345,1134,107
Hf1 Nb1 Ta1 Ti1 Zr1,BCC,9.9,351.0332345,1094,107
Hf1 Nb1 Ta1 Ti1 Zr1,BCC,9.9,351.0332345,1071,107
Hf1 Nb1 Ta1 Ti1 Zr1,BCC,9.9,351.0332345,1107,107
Hf1 Nb1 Ta1 Ti1 Zr1,BCC,9.9,351.0332345,1115,107
Hf1 Nb1 Ta1 Ti1 Zr1,BCC,9.9,351.0332345,1114,107
Hf1 Nb1 Ta1 Ti1 Zr1,BCC,9.9,351.0332345,846.5689548,107
Hf1 Nb1 Ta1 Ti1 Zr1,BCC,9.9,351.0332345,846.5689548,107
Hf1 Nb1 Ta1 Ti1 Zr1,BCC,9.9,351.0332345,846.5689548,107
Al1 Nb1 Ti1 Zr1,B2,5.7,422,1509,88.28777278
Al1 Nb1 Ti1 Zr1,B2+Sec.,5.7,418,1579,88.28777278
Al1 Nb1 Ti1 V1 Zr0.5,,5.6,437.5181037,1480,97.25317913
Al1 Nb1 Ti1 Zr1,,5.7,539.6,1080,88.28777278
Nb1 Ti1 V1 Zr1,,6.5,335,1105,100.3702541
Cr1 Nb1 Ti1 Zr1,,6.6,418,1260,128.5975065
Al1 Cr1 Fe1 Mo0.5 Ni1,BCC+B2,6.8,623.7,1914.1,196.8756698
Al1 Cr1 Fe1 Mo0.5 Ni1 Ti0.25,BCC+B2,6.6,712,2161.7,191.6180686
Al1 Cr1 Fe1 Mo0.5 Ni1 Ti0.4,BCC+B2,6.5,731.9,2185.1,188.8468235
Al1 Cr1 Fe1 Mo0.5 Ni1 Ti0.5,BCC+B2,6.5,751.7,2228.7,187.9364296
Al1 Cr1 Fe1 Mo0.5 Ni1 Ti0.6,BCC+B2,6.4,756.1,1314.5,185.90208
Al1 Cr1 Fe1 Mo0.5 Ni1 Ti0.75,BCC+B2,6.4,766.2,618.8,184.5876193
Al1 Cr1 Mo1 Nb1,Other,7.2,714.5124074,817.9359527,187.8458294
Al1 Cr1 Mo1 Nb1,Other,7.2,714.5124074,817.9359527,187.8458294
Al1 Hf1 Nb1 Ti1,B2,7.7,401.7015905,889.922726,89.09041201
Al1 Hf1 Nb1 Ti1,B2,7.7,401.7015905,889.922726,89.09041201
Al1 Hf1 Ta1 Ti1,B2,9.7,373.8777384,1205.478421,109.7370047
Al1 Hf1 Ta1 Ti1,B2,9.7,373.8777384,1205.478421,109.7370047
Al1 Mo1 Nb1 Ti1,BCC+Sec.,6.5,564.3032222,470.6476294,151.5260456
Al1 Mo1 Nb1 Ti1,BCC,6.5,509,579.5136896,151
Al1 Nb1 Ta1 Ti1,BCC+Sec.,8.2,447.788,909.9119526,119.1187613
Al1 Nb1 Ta1 Ti1,BCC,8.2,458,883.6628457,120
Cr1 Mo1 Ta1 Ti1,BCC,9.9,555,1200.692293,219
Cr1 Mo1 Ta1 Ti1,BCC,9.9,539,1203.312661,219
Cr1 Nb1 Ta1 Ti1,BCC+Sec.,9.4,394.5010683,925.8674335,165.73109
Cr1 Nb1 Ta1 Ti1,BCC,9.4,495,968.6460897,162
Cr1 Nb1 Ti1 W1,BCC+Sec.,9.9,630,1381.768313,217.2354279
Cr1 Nb1 Ti1 W1,BCC,9.9,630,1381.768313,217
Hf1 Nb1 Ta1 Ti1,BCC,10.9,280,715.6811922,119
Hf1 Nb1 Ta1 Ti1,BCC,10.9,270,714.793497,119
Mo1 Nb1 Ta1 Ti1 W1,BCC,11.8,482,900.2837838,222
Mo1 Nb1 Ta1 Ti1 W1,BCC,11.8,446,832.4603676,222
Mo1 Nb1 Ta1 Ti1,BCC,10,407,751.9030285,179
Mo1 Nb1 Ta1 Ti1,BCC,10,431,841.5993869,179
