,Al,B,C,Co,Cr,Cu,Fe,Hf,Li,Mg,Mn,Mo,Nb,Ni,Sc,Si,Sn,Ta,Ti,V,W,Y,Zn,Zr,density,hv,yield_strength,young_modulus,BCC,FCC,Other
0,0.0,0.0,0.0,0.3333333333333333,0.0,0.0,0.3333333333333333,0.0,0.0,0.0,0.0,0.0,0.0,0.3333333333333333,0.0,0.0,0.0,0.0,0.0,0.0,0.0,0.0,0.0,0.0,8.5,125.0,204.0,207.0,0.0,1.0,0.0
1,0.0,0.0,0.0,0.3333333333333333,0.0,0.0,0.3333333333333333,0.0,0.0,0.0,0.0,0.0,0.0,0.3333333333333333,0.0,0.0,0.0,0.0,0.0,0.0,0.0,0.0,0.0,0.0,8.5,125.0,209.0,207.0,0.0,1.0,0.0
2,0.0,0.0,0.0,0.3333333333333333,0.0,0.0,0.3333333333333333,0.0,0.0,0.0,0.0,0.0,0.0,0.3333333333333333,0.0,0.0,0.0,0.0,0.0,0.0,0.0,0.0,0.0,0.0,8.5,,211.0,207.0,0.0,1.0,0.0
3,0.0,0.0,0.0,0.3076923076923077,0.0,0.0,0.3076923076923077,0.0,0.0,0.0,0.0,0.0,0.0,0.3076923076923077,0.0,0.07692307692307693,0.0,0.0,0.0,0.0,0.0,0.0,0.0,0.0,7.7,149.0,196.0,194.0,0.0,1.0,0.0
4,0.0,0.0,0.0,0.2857142857142857,0.0,0.0,0.2857142857142857,0.0,0.0,0.0,0.0,0.0,0.0,0.2857142857142857,0.0,0.14285714285714285,0.0,0.0,0.0,0.0,0.0,0.0,0.0,0.0,7.1,287.0,476.0,,0.0,0.0,1.0
5,0.0,0.0,0.0,0.26666666666666666,0.0,0.0,0.26666666666666666,0.0,0.0,0.0,0.0,0.0,0.0,0.26666666666666666,0.0,0.2,0.0,0.0,0.0,0.0,0.0,0.0,0.0,0.0,6.6,570.0,1301.0,,0.0,0.0,1.0
6,0.07692307692307693,0.0,0.0,0.3076923076923077,0.0,0.0,0.3076923076923077,0.0,0.0,0.0,0.0,0.0,0.0,0.3076923076923077,0.0,0.0,0.0,0.0,0.0,0.0,0.0,0.0,0.0,0.0,7.9,138.0,158.0,196.0,0.0,1.0,0.0
7,0.14285714285714285,0.0,0.0,0.2857142857142857,0.0,0.0,0.2857142857142857,0.0,0.0,0.0,0.0,0.0,0.0,0.2857142857142857,0.0,0.0,0.0,0.0,0.0,0.0,0.0,0.0,0.0,0.0,7.4,212.0,346.0,187.0,0.0,0.0,1.0
8,0.2,0.0,0.0,0.26666666666666666,0.0,0.0,0.26666666666666666,0.0,0.0,0.0,0.0,0.0,0.0,0.26666666666666666,0.0,0.0,0.0,0.0,0.0,0.0,0.0,0.0,0.0,0.0,7.0,385.0,794.0,179.0,0.0,0.0,1.0
9,0.0,0.0,0.0,0.25,0.25,0.0,0.25,0.0,0.0,0.0,0.0,0.0,0.0,0.25,0.0,0.0,0.0,0.0,0.0,0.0,0.0,0.0,0.0,0.0,8.2,,148.0,225.0,0.0,1.0,0.0
10,0.0,0.0,0.0,0.25,0.25,0.0,0.25,0.0,0.0,0.0,0.0,0.0,0.0,0.25,0.0,0.0,0.0,0.0,0.0,0.0,0.0,0.0,0.0,0.0,8.2,116.0,,225.0,0.0,1.0,0.0
11,0.0,0.0,0.0,0.25,0.25,0.0,0.25,0.0,0.0,0.0,0.0,0.0,0.0,0.25,0.0,0.0,0.0,0.0,0.0,0.0,0.0,0.0,0.0,0.0,8.2,113.0,,225.0,0.0,1.0,0.0
12,0.0,0.0,0.0,0.2222222222222222,0.2222222222222222,0.0,0.2222222222222222,0.0,0.0,0.0,0.0,0.1111111111111111,0.0,0.2222222222222222,0.0,0.0,0.0,0.0,0.0,0.0,0.0,0.0,0.0,0.0,8.5,210.0,,,0.0,0.0,1.0
13,0.0,0.0,0.0,0.24372410431391667,0.24372410431391667,0.0,0.24372410431391667,0.0,0.0,0.0,0.0,0.0,0.025103582744333414,0.24372410431391667,0.0,0.0,0.0,0.0,0.0,0.0,0.0,0.0,0.0,0.0,8.2,,318.0,,0.0,0.0,1.0
14,0.0,0.0,0.0,0.24067388688327315,0.24067388688327315,0.0,0.24067388688327315,0.0,0.0,0.0,0.0,0.0,0.03730445246690734,0.24067388688327315,0.0,0.0,0.0,0.0,0.0,0.0,0.0,0.0,0.0,0.0,8.2,,322.0,,0.0,0.0,1.0
15,0.0,0.0,0.0,0.2377555872563005,0.2377555872563005,0.0,0.2377555872563005,0.0,0.0,0.0,0.0,0.0,0.0489776509747979,0.2377555872563005,0.0,0.0,0.0,0.0,0.0,0.0,0.0,0.0,0.0,0.0,8.2,,403.0,,0.0,0.0,1.0
16,0.0,0.0,0.0,0.23207240659085634,0.23207240659085634,0.0,0.23207240659085634,0.0,0.0,0.0,0.0,0.0,0.0717103736365746,0.23207240659085634,0.0,0.0,0.0,0.0,0.0,0.0,0.0,0.0,0.0,0.0,8.2,,479.0,,0.0,0.0,1.0
17,0.0,0.0,0.0,0.22665457842248413,0.22665457842248413,0.0,0.22665457842248413,0.0,0.0,0.0,0.0,0.0,0.09338168631006347,0.22665457842248413,0.0,0.0,0.0,0.0,0.0,0.0,0.0,0.0,0.0,0.0,8.2,,638.0,,0.0,0.0,1.0
18,0.0,0.0,0.0,0.2,0.2,0.0,0.2,0.0,0.0,0.0,0.0,0.0,0.0,0.2,0.0,0.0,0.0,0.0,0.2,0.0,0.0,0.0,0.0,0.0,7.2,,,135.0,0.0,1.0,0.0
19,0.0,0.0,0.0,0.2727272727272727,0.18181818181818182,0.0,0.18181818181818182,0.0,0.0,0.0,0.0,0.0,0.0,0.2727272727272727,0.0,0.0,0.0,0.0,0.09090909090909091,0.0,0.0,0.0,0.0,0.0,7.8,509.0,,211.0,0.0,1.0,0.0
20,0.0,0.0,0.0,0.25,0.16666666666666666,0.0,0.16666666666666666,0.0,0.0,0.0,0.0,0.0,0.0,0.25,0.0,0.0,0.0,0.0,0.16666666666666666,0.0,0.0,0.0,0.0,0.0,7.4,654.0,,,0.0,0.0,1.0
21,0.058823529411764705,0.0,0.0,0.23529411764705882,0.23529411764705882,0.0,0.23529411764705882,0.0,0.0,0.0,0.0,0.0,0.0,0.23529411764705882,0.0,0.0,0.0,0.0,0.0,0.0,0.0,0.0,0.0,0.0,7.7,110.0,,216.0,0.0,1.0,0.0
22,0.058823529411764705,0.0,0.0,0.23529411764705882,0.23529411764705882,0.0,0.23529411764705882,0.0,0.0,0.0,0.0,0.0,0.0,0.23529411764705882,0.0,0.0,0.0,0.0,0.0,0.0,0.0,0.0,0.0,0.0,7.7,113.0,,216.0,0.0,1.0,0.0
23,0.08571428571428572,0.0,0.0,0.22857142857142856,0.22857142857142856,0.0,0.22857142857142856,0.0,0.0,0.0,0.0,0.0,0.0,0.22857142857142856,0.0,0.0,0.0,0.0,0.0,0.0,0.0,0.0,0.0,0.0,7.5,131.0,,211.0,0.0,1.0,0.0
24,0.08571428571428572,0.0,0.0,0.22857142857142856,0.22857142857142856,0.0,0.22857142857142856,0.0,0.0,0.0,0.0,0.0,0.0,0.22857142857142856,0.0,0.0,0.0,0.0,0.0,0.0,0.0,0.0,0.0,0.0,7.5,196.0,,211.0,0.0,1.0,0.0
25,0.1111111111111111,0.0,0.0,0.2222222222222222,0.2222222222222222,0.0,0.2222222222222222,0.0,0.0,0.0,0.0,0.0,0.0,0.2222222222222222,0.0,0.0,0.0,0.0,0.0,0.0,0.0,0.0,0.0,0.0,7.3,159.0,,208.0,0.0,0.0,1.0
26,0.1111111111111111,0.0,0.0,0.2222222222222222,0.2222222222222222,0.0,0.2222222222222222,0.0,0.0,0.0,0.0,0.0,0.0,0.2222222222222222,0.0,0.0,0.0,0.0,0.0,0.0,0.0,0.0,0.0,0.0,7.3,209.0,,208.0,0.0,0.0,1.0
27,0.175,0.0,0.0,0.075,0.25,0.0,0.25,0.0,0.0,0.0,0.0,0.0,0.0,0.25,0.0,0.0,0.0,0.0,0.0,0.0,0.0,0.0,0.0,0.0,6.8,624.0,2033.0,,0.0,0.0,1.0
28,0.15789473684210525,0.0,0.0,0.21052631578947367,0.21052631578947367,0.0,0.21052631578947367,0.0,0.0,0.0,0.0,0.0,0.0,0.21052631578947367,0.0,0.0,0.0,0.0,0.0,0.0,0.0,0.0,0.0,0.0,7.0,388.0,,200.0,0.0,0.0,1.0
29,0.15789473684210525,0.0,0.0,0.21052631578947367,0.21052631578947367,0.0,0.21052631578947367,0.0,0.0,0.0,0.0,0.0,0.0,0.21052631578947367,0.0,0.0,0.0,0.0,0.0,0.0,0.0,0.0,0.0,0.0,7.0,280.0,,200.0,0.0,0.0,1.0
30,0.1794871794871795,0.0,0.0,0.20512820512820512,0.20512820512820512,0.0,0.20512820512820512,0.0,0.0,0.0,0.0,0.0,0.0,0.20512820512820512,0.0,0.0,0.0,0.0,0.0,0.0,0.0,0.0,0.0,0.0,6.9,,,197.0,0.0,0.0,1.0
31,0.1794871794871795,0.0,0.0,0.20512820512820512,0.20512820512820512,0.0,0.20512820512820512,0.0,0.0,0.0,0.0,0.0,0.0,0.20512820512820512,0.0,0.0,0.0,0.0,0.0,0.0,0.0,0.0,0.0,0.0,6.9,538.0,,197.0,1.0,0.0,0.0
32,0.1794871794871795,0.0,0.0,0.20512820512820512,0.20512820512820512,0.0,0.20512820512820512,0.0,0.0,0.0,0.0,0.0,0.0,0.20512820512820512,0.0,0.0,0.0,0.0,0.0,0.0,0.0,0.0,0.0,0.0,6.9,361.0,,197.0,0.0,0.0,1.0
33,0.2,0.0,0.0,0.2,0.2,0.0,0.2,0.0,0.0,0.0,0.0,0.0,0.0,0.2,0.0,0.0,0.0,0.0,0.0,0.0,0.0,0.0,0.0,0.0,6.7,484.0,,194.0,1.0,0.0,0.0
34,0.2,0.0,0.0,0.2,0.2,0.0,0.2,0.0,0.0,0.0,0.0,0.0,0.0,0.2,0.0,0.0,0.0,0.0,0.0,0.0,0.0,0.0,0.0,0.0,6.7,433.0,,194.0,0.0,0.0,1.0
35,0.2,0.0,0.0,0.2,0.2,0.0,0.2,0.0,0.0,0.0,0.0,0.0,0.0,0.2,0.0,0.0,0.0,0.0,0.0,0.0,0.0,0.0,0.0,0.0,6.7,395.0,,194.0,1.0,0.0,0.0
36,0.2,0.0,0.0,0.2,0.2,0.0,0.2,0.0,0.0,0.0,0.0,0.0,0.0,0.2,0.0,0.0,0.0,0.0,0.0,0.0,0.0,0.0,0.0,0.0,6.7,,1251.0,194.0,1.0,0.0,0.0
37,0.2,0.0,0.0,0.2,0.2,0.0,0.2,0.0,0.0,0.0,0.0,0.0,0.0,0.2,0.0,0.0,0.0,0.0,0.0,0.0,0.0,0.0,0.0,0.0,6.7,,1051.0,194.0,1.0,0.0,0.0
38,0.2,0.0,0.0,0.2,0.2,0.0,0.2,0.0,0.0,0.0,0.0,0.0,0.0,0.2,0.0,0.0,0.0,0.0,0.0,0.0,0.0,0.0,0.0,0.0,6.7,,1110.0,194.0,1.0,0.0,0.0
39,0.2,0.0,0.0,0.2,0.2,0.0,0.2,0.0,0.0,0.0,0.0,0.0,0.0,0.2,0.0,0.0,0.0,0.0,0.0,0.0,0.0,0.0,0.0,0.0,6.7,,1138.0,125.0,1.0,0.0,0.0
40,0.2,0.0,0.0,0.2,0.2,0.0,0.2,0.0,0.0,0.0,0.0,0.0,0.0,0.2,0.0,0.0,0.0,0.0,0.0,0.0,0.0,0.0,0.0,0.0,6.7,,1138.0,125.0,1.0,0.0,0.0
41,0.2,0.0,0.0,0.2,0.2,0.0,0.2,0.0,0.0,0.0,0.0,0.0,0.0,0.2,0.0,0.0,0.0,0.0,0.0,0.0,0.0,0.0,0.0,0.0,6.7,,1051.0,194.0,1.0,0.0,0.0
42,0.2,0.0,0.0,0.2,0.2,0.0,0.2,0.0,0.0,0.0,0.0,0.0,0.0,0.2,0.0,0.0,0.0,0.0,0.0,0.0,0.0,0.0,0.0,0.0,6.7,520.0,1373.0,194.0,1.0,0.0,0.0
43,0.23809523809523808,0.0,0.0,0.19047619047619047,0.19047619047619047,0.0,0.19047619047619047,0.0,0.0,0.0,0.0,0.0,0.0,0.19047619047619047,0.0,0.0,0.0,0.0,0.0,0.0,0.0,0.0,0.0,0.0,6.5,487.0,,188.0,1.0,0.0,0.0
44,0.23809523809523808,0.0,0.0,0.19047619047619047,0.19047619047619047,0.0,0.19047619047619047,0.0,0.0,0.0,0.0,0.0,0.0,0.19047619047619047,0.0,0.0,0.0,0.0,0.0,0.0,0.0,0.0,0.0,0.0,6.5,499.0,,188.0,1.0,0.0,0.0
45,0.2727272727272727,0.0,0.0,0.18181818181818182,0.18181818181818182,0.0,0.18181818181818182,0.0,0.0,0.0,0.0,0.0,0.0,0.18181818181818182,0.0,0.0,0.0,0.0,0.0,0.0,0.0,0.0,0.0,0.0,6.2,484.0,,183.0,1.0,0.0,0.0
46,0.2727272727272727,0.0,0.0,0.18181818181818182,0.18181818181818182,0.0,0.18181818181818182,0.0,0.0,0.0,0.0,0.0,0.0,0.18181818181818182,0.0,0.0,0.0,0.0,0.0,0.0,0.0,0.0,0.0,0.0,6.2,517.0,,183.0,1.0,0.0,0.0
47,0.2727272727272727,0.0,0.0,0.18181818181818182,0.18181818181818182,0.0,0.18181818181818182,0.0,0.0,0.0,0.0,0.0,0.0,0.18181818181818182,0.0,0.0,0.0,0.0,0.0,0.0,0.0,0.0,0.0,0.0,6.2,402.0,,183.0,1.0,0.0,0.0
48,0.3333333333333333,0.0,0.0,0.16666666666666666,0.16666666666666666,0.0,0.16666666666666666,0.0,0.0,0.0,0.0,0.0,0.0,0.16666666666666666,0.0,0.0,0.0,0.0,0.0,0.0,0.0,0.0,0.0,0.0,5.9,509.0,,173.0,1.0,0.0,0.0
49,0.3333333333333333,0.0,0.0,0.16666666666666666,0.16666666666666666,0.0,0.16666666666666666,0.0,0.0,0.0,0.0,0.0,0.0,0.16666666666666666,0.0,0.0,0.0,0.0,0.0,0.0,0.0,0.0,0.0,0.0,5.9,512.0,,173.0,1.0,0.0,0.0
50,0.3333333333333333,0.0,0.0,0.16666666666666666,0.16666666666666666,0.0,0.16666666666666666,0.0,0.0,0.0,0.0,0.0,0.0,0.16666666666666666,0.0,0.0,0.0,0.0,0.0,0.0,0.0,0.0,0.0,0.0,5.9,432.0,,173.0,1.0,0.0,0.0
51,0.38461538461538464,0.0,0.0,0.15384615384615385,0.15384615384615385,0.0,0.15384615384615385,0.0,0.0,0.0,0.0,0.0,0.0,0.15384615384615385,0.0,0.0,0.0,0.0,0.0,0.0,0.0,0.0,0.0,0.0,5.6,487.0,,165.0,1.0,0.0,0.0
52,0.42857142857142855,0.0,0.0,0.14285714285714285,0.14285714285714285,0.0,0.14285714285714285,0.0,0.0,0.0,0.0,0.0,0.0,0.14285714285714285,0.0,0.0,0.0,0.0,0.0,0.0,0.0,0.0,0.0,0.0,5.3,506.0,,158.0,1.0,0.0,0.0
53,0.19607843137254904,0.0,0.019607843137254905,0.19607843137254904,0.19607843137254904,0.0,0.19607843137254904,0.0,0.0,0.0,0.0,0.0,0.0,0.19607843137254904,0.0,0.0,0.0,0.0,0.0,0.0,0.0,0.0,0.0,0.0,6.7,,957.0,213.0,0.0,0.0,1.0
54,0.1923076923076923,0.0,0.038461538461538464,0.1923076923076923,0.1923076923076923,0.0,0.1923076923076923,0.0,0.0,0.0,0.0,0.0,0.0,0.1923076923076923,0.0,0.0,0.0,0.0,0.0,0.0,0.0,0.0,0.0,0.0,6.8,,906.0,151.0,0.0,0.0,1.0
55,0.18867924528301888,0.0,0.05660377358490566,0.18867924528301888,0.18867924528301888,0.0,0.18867924528301888,0.0,0.0,0.0,0.0,0.0,0.0,0.18867924528301888,0.0,0.0,0.0,0.0,0.0,0.0,0.0,0.0,0.0,0.0,6.8,,867.0,137.0,0.0,0.0,1.0
56,0.18518518518518517,0.0,0.07407407407407407,0.18518518518518517,0.18518518518518517,0.0,0.18518518518518517,0.0,0.0,0.0,0.0,0.0,0.0,0.18518518518518517,0.0,0.0,0.0,0.0,0.0,0.0,0.0,0.0,0.0,0.0,6.8,,1056.0,156.0,0.0,0.0,1.0
57,0.18181818181818182,0.0,0.09090909090909091,0.18181818181818182,0.18181818181818182,0.0,0.18181818181818182,0.0,0.0,0.0,0.0,0.0,0.0,0.18181818181818182,0.0,0.0,0.0,0.0,0.0,0.0,0.0,0.0,0.0,0.0,6.8,,1060.0,181.0,0.0,0.0,1.0
58,0.16666666666666666,0.0,0.16666666666666666,0.16666666666666666,0.16666666666666666,0.0,0.16666666666666666,0.0,0.0,0.0,0.0,0.0,0.0,0.16666666666666666,0.0,0.0,0.0,0.0,0.0,0.0,0.0,0.0,0.0,0.0,6.9,,1251.0,75.0,0.0,0.0,1.0
59,0.15384615384615385,0.0,0.23076923076923078,0.15384615384615385,0.15384615384615385,0.0,0.15384615384615385,0.0,0.0,0.0,0.0,0.0,0.0,0.15384615384615385,0.0,0.0,0.0,0.0,0.0,0.0,0.0,0.0,0.0,0.0,7.0,,1255.0,73.0,0.0,0.0,1.0
60,0.1,0.0,0.0,0.2,0.2,0.0,0.2,0.0,0.0,0.0,0.0,0.1,0.0,0.2,0.0,0.0,0.0,0.0,0.0,0.0,0.0,0.0,0.0,0.0,7.7,425.0,,,0.0,0.0,1.0
61,0.2,0.0,0.0,0.1,0.2,0.0,0.2,0.0,0.0,0.0,0.0,0.1,0.0,0.2,0.0,0.0,0.0,0.0,0.0,0.0,0.0,0.0,0.0,0.0,7.0,801.0,,,0.0,0.0,1.0
62,0.2,0.0,0.0,0.2,0.2,0.0,0.1,0.0,0.0,0.0,0.0,0.1,0.0,0.2,0.0,0.0,0.0,0.0,0.0,0.0,0.0,0.0,0.0,0.0,7.0,755.0,,,0.0,0.0,1.0
63,0.19607843137254904,0.0,0.0,0.19607843137254904,0.19607843137254904,0.0,0.11764705882352941,0.0,0.0,0.0,0.0,0.09803921568627452,0.0,0.19607843137254904,0.0,0.0,0.0,0.0,0.0,0.0,0.0,0.0,0.0,0.0,7.1,754.0,,,0.0,0.0,1.0
64,0.19607843137254904,0.0,0.0,0.19607843137254904,0.19607843137254904,0.0,0.19607843137254904,0.0,0.0,0.0,0.0,0.019607843137254905,0.0,0.19607843137254904,0.0,0.0,0.0,0.0,0.0,0.0,0.0,0.0,0.0,0.0,6.8,,1804.0,196.0,1.0,0.0,0.0
65,0.1923076923076923,0.0,0.0,0.1923076923076923,0.1923076923076923,0.0,0.1923076923076923,0.0,0.0,0.0,0.0,0.038461538461538464,0.0,0.1923076923076923,0.0,0.0,0.0,0.0,0.0,0.0,0.0,0.0,0.0,0.0,6.9,,2456.0,,0.0,0.0,1.0
66,0.18867924528301888,0.0,0.0,0.18867924528301888,0.18867924528301888,0.0,0.18867924528301888,0.0,0.0,0.0,0.0,0.05660377358490566,0.0,0.18867924528301888,0.0,0.0,0.0,0.0,0.0,0.0,0.0,0.0,0.0,0.0,7.0,,2649.0,,0.0,0.0,1.0
67,0.18518518518518517,0.0,0.0,0.18518518518518517,0.18518518518518517,0.0,0.18518518518518517,0.0,0.0,0.0,0.0,0.07407407407407407,0.0,0.18518518518518517,0.0,0.0,0.0,0.0,0.0,0.0,0.0,0.0,0.0,0.0,7.0,,2670.0,,0.0,0.0,1.0
68,0.2,0.0,0.0,0.2,0.2,0.0,0.2,0.0,0.0,0.0,0.0,0.1,0.0,0.1,0.0,0.0,0.0,0.0,0.0,0.0,0.0,0.0,0.0,0.0,7.0,708.0,,,0.0,0.0,1.0
69,0.18181818181818182,0.0,0.0,0.18181818181818182,0.18181818181818182,0.0,0.18181818181818182,0.0,0.0,0.0,0.0,0.09090909090909091,0.0,0.18181818181818182,0.0,0.0,0.0,0.0,0.0,0.0,0.0,0.0,0.0,0.0,7.1,,2757.0,,0.0,0.0,1.0
70,0.18181818181818182,0.0,0.0,0.18181818181818182,0.18181818181818182,0.0,0.18181818181818182,0.0,0.0,0.0,0.0,0.09090909090909091,0.0,0.18181818181818182,0.0,0.0,0.0,0.0,0.0,0.0,0.0,0.0,0.0,0.0,7.1,796.0,,,0.0,0.0,1.0
71,0.18181818181818182,0.0,0.0,0.18181818181818182,0.18181818181818182,0.0,0.18181818181818182,0.0,0.0,0.0,0.0,0.09090909090909091,0.0,0.18181818181818182,0.0,0.0,0.0,0.0,0.0,0.0,0.0,0.0,0.0,0.0,7.1,715.0,,,0.0,0.0,1.0
72,0.18181818181818182,0.0,0.0,0.18181818181818182,0.18181818181818182,0.0,0.18181818181818182,0.0,0.0,0.0,0.0,0.09090909090909091,0.0,0.18181818181818182,0.0,0.0,0.0,0.0,0.0,0.0,0.0,0.0,0.0,0.0,7.1,730.0,,,0.0,0.0,1.0
73,0.16666666666666666,0.0,0.0,0.16666666666666666,0.16666666666666666,0.0,0.16666666666666666,0.0,0.0,0.0,0.0,0.08333333333333333,0.0,0.25,0.0,0.0,0.0,0.0,0.0,0.0,0.0,0.0,0.0,0.0,7.2,586.0,,,0.0,0.0,1.0
74,0.15384615384615385,0.0,0.0,0.15384615384615385,0.15384615384615385,0.0,0.15384615384615385,0.0,0.0,0.0,0.0,0.07692307692307693,0.0,0.3076923076923077,0.0,0.0,0.0,0.0,0.0,0.0,0.0,0.0,0.0,0.0,7.4,395.0,,,0.0,0.0,1.0
75,0.16666666666666666,0.0,0.0,0.25,0.16666666666666666,0.0,0.16666666666666666,0.0,0.0,0.0,0.0,0.08333333333333333,0.0,0.16666666666666666,0.0,0.0,0.0,0.0,0.0,0.0,0.0,0.0,0.0,0.0,7.2,741.0,,,0.0,0.0,1.0
76,0.15384615384615385,0.0,0.0,0.3076923076923077,0.15384615384615385,0.0,0.15384615384615385,0.0,0.0,0.0,0.0,0.07692307692307693,0.0,0.15384615384615385,0.0,0.0,0.0,0.0,0.0,0.0,0.0,0.0,0.0,0.0,7.3,586.0,,,0.0,0.0,1.0
77,0.16666666666666666,0.0,0.0,0.16666666666666666,0.16666666666666666,0.0,0.25,0.0,0.0,0.0,0.0,0.08333333333333333,0.0,0.16666666666666666,0.0,0.0,0.0,0.0,0.0,0.0,0.0,0.0,0.0,0.0,7.2,635.0,,,0.0,0.0,1.0
78,0.15384615384615385,0.0,0.0,0.15384615384615385,0.15384615384615385,0.0,0.3076923076923077,0.0,0.0,0.0,0.0,0.07692307692307693,0.0,0.15384615384615385,0.0,0.0,0.0,0.0,0.0,0.0,0.0,0.0,0.0,0.0,7.2,639.0,,,0.0,0.0,1.0
79,0.25,0.0,0.0,0.16666666666666666,0.16666666666666666,0.0,0.16666666666666666,0.0,0.0,0.0,0.0,0.08333333333333333,0.0,0.16666666666666666,0.0,0.0,0.0,0.0,0.0,0.0,0.0,0.0,0.0,0.0,6.6,655.0,,,0.0,0.0,1.0
80,0.3076923076923077,0.0,0.0,0.15384615384615385,0.15384615384615385,0.0,0.15384615384615385,0.0,0.0,0.0,0.0,0.07692307692307693,0.0,0.15384615384615385,0.0,0.0,0.0,0.0,0.0,0.0,0.0,0.0,0.0,0.0,6.3,605.0,,185.0,1.0,0.0,0.0
81,0.19607843137254904,0.0,0.0,0.19607843137254904,0.19607843137254904,0.0,0.19607843137254904,0.0,0.0,0.0,0.0,0.0,0.019607843137254905,0.19607843137254904,0.0,0.0,0.0,0.0,0.0,0.0,0.0,0.0,0.0,0.0,6.8,569.0,1641.0,192.0,1.0,0.0,0.0
82,0.19047619047619047,0.0,0.0,0.19047619047619047,0.19047619047619047,0.0,0.19047619047619047,0.0,0.0,0.0,0.0,0.0,0.047619047619047616,0.19047619047619047,0.0,0.0,0.0,0.0,0.0,0.0,0.0,0.0,0.0,0.0,6.8,668.0,1959.0,,0.0,0.0,1.0
83,0.18181818181818182,0.0,0.0,0.18181818181818182,0.18181818181818182,0.0,0.18181818181818182,0.0,0.0,0.0,0.0,0.0,0.09090909090909091,0.18181818181818182,0.0,0.0,0.0,0.0,0.0,0.0,0.0,0.0,0.0,0.0,7.0,747.0,2473.0,,0.0,0.0,1.0
84,0.17391304347826086,0.0,0.0,0.17391304347826086,0.17391304347826086,0.0,0.17391304347826086,0.0,0.0,0.0,0.0,0.0,0.13043478260869565,0.17391304347826086,0.0,0.0,0.0,0.0,0.0,0.0,0.0,0.0,0.0,0.0,7.0,,,,0.0,0.0,1.0
85,0.1923076923076923,0.0,0.0,0.1923076923076923,0.1923076923076923,0.0,0.1923076923076923,0.0,0.0,0.0,0.0,0.0,0.0,0.1923076923076923,0.0,0.038461538461538464,0.0,0.0,0.0,0.0,0.0,0.0,0.0,0.0,6.5,,1265.0,188.0,1.0,0.0,0.0
86,0.18518518518518517,0.0,0.0,0.18518518518518517,0.18518518518518517,0.0,0.18518518518518517,0.0,0.0,0.0,0.0,0.0,0.0,0.18518518518518517,0.0,0.07407407407407407,0.0,0.0,0.0,0.0,0.0,0.0,0.0,0.0,6.2,,1481.0,183.0,1.0,0.0,0.0
87,0.17857142857142858,0.0,0.0,0.17857142857142858,0.17857142857142858,0.0,0.17857142857142858,0.0,0.0,0.0,0.0,0.0,0.0,0.17857142857142858,0.0,0.10714285714285715,0.0,0.0,0.0,0.0,0.0,0.0,0.0,0.0,6.0,,1834.0,178.0,1.0,0.0,0.0
88,0.1724137931034483,0.0,0.0,0.1724137931034483,0.1724137931034483,0.0,0.1724137931034483,0.0,0.0,0.0,0.0,0.0,0.0,0.1724137931034483,0.0,0.13793103448275862,0.0,0.0,0.0,0.0,0.0,0.0,0.0,0.0,5.8,,2179.0,,0.0,0.0,1.0
89,0.16666666666666666,0.0,0.0,0.16666666666666666,0.16666666666666666,0.0,0.16666666666666666,0.0,0.0,0.0,0.0,0.0,0.0,0.16666666666666666,0.0,0.16666666666666666,0.0,0.0,0.0,0.0,0.0,0.0,0.0,0.0,5.7,,1110.0,169.0,1.0,0.0,0.0
90,0.16666666666666666,0.0,0.0,0.16666666666666666,0.16666666666666666,0.0,0.16666666666666666,0.0,0.0,0.0,0.0,0.0,0.0,0.16666666666666666,0.0,0.16666666666666666,0.0,0.0,0.0,0.0,0.0,0.0,0.0,0.0,5.7,,2411.0,,0.0,0.0,1.0
91,0.03508771929824561,0.0,0.0,0.2631578947368421,0.17543859649122806,0.0,0.17543859649122806,0.0,0.0,0.0,0.0,0.0,0.0,0.2631578947368421,0.0,0.0,0.0,0.0,0.08771929824561403,0.0,0.0,0.0,0.0,0.0,7.6,487.0,,206.0,0.0,1.0,0.0
92,0.03225806451612903,0.0,0.0,0.24193548387096772,0.16129032258064516,0.0,0.16129032258064516,0.0,0.0,0.0,0.0,0.0,0.0,0.24193548387096772,0.0,0.0,0.0,0.0,0.16129032258064516,0.0,0.0,0.0,0.0,0.0,7.2,717.0,,,0.0,0.0,1.0
93,0.09090909090909091,0.0,0.0,0.18181818181818182,0.18181818181818182,0.0,0.18181818181818182,0.0,0.0,0.0,0.0,0.0,0.0,0.18181818181818182,0.0,0.0,0.0,0.0,0.18181818181818182,0.0,0.0,0.0,0.0,0.0,6.6,,,107.0,0.0,0.0,1.0
94,0.18181818181818182,0.0,0.0,0.18181818181818182,0.18181818181818182,0.0,0.18181818181818182,0.0,0.0,0.0,0.0,0.0,0.0,0.18181818181818182,0.0,0.0,0.0,0.0,0.09090909090909091,0.0,0.0,0.0,0.0,0.0,6.4,178.0,2040.0,72.0,0.0,1.0,0.0
95,0.18181818181818182,0.0,0.0,0.18181818181818182,0.18181818181818182,0.0,0.18181818181818182,0.0,0.0,0.0,0.0,0.0,0.0,0.18181818181818182,0.0,0.0,0.0,0.0,0.09090909090909091,0.0,0.0,0.0,0.0,0.0,6.4,178.0,2260.0,178.0,1.0,0.0,0.0
96,0.16666666666666666,0.0,0.0,0.16666666666666666,0.16666666666666666,0.0,0.16666666666666666,0.0,0.0,0.0,0.0,0.0,0.0,0.16666666666666666,0.0,0.0,0.0,0.0,0.16666666666666666,0.0,0.0,0.0,0.0,0.0,6.2,,1860.0,90.0,1.0,0.0,0.0
97,0.16666666666666666,0.0,0.0,0.16666666666666666,0.16666666666666666,0.0,0.16666666666666666,0.0,0.0,0.0,0.0,0.0,0.0,0.16666666666666666,0.0,0.0,0.0,0.0,0.16666666666666666,0.0,0.0,0.0,0.0,0.0,6.2,,,148.0,0.0,0.0,1.0
98,0.15384615384615385,0.0,0.0,0.15384615384615385,0.15384615384615385,0.0,0.15384615384615385,0.0,0.0,0.0,0.0,0.0,0.0,0.15384615384615385,0.0,0.0,0.0,0.0,0.23076923076923078,0.0,0.0,0.0,0.0,0.0,6.1,,2220.0,160.0,0.0,0.0,1.0
99,0.23076923076923078,0.0,0.0,0.15384615384615385,0.15384615384615385,0.0,0.15384615384615385,0.0,0.0,0.0,0.0,0.0,0.0,0.15384615384615385,0.0,0.0,0.0,0.0,0.15384615384615385,0.0,0.0,0.0,0.0,0.0,5.9,,,133.0,1.0,0.0,0.0
100,0.2857142857142857,0.0,0.0,0.14285714285714285,0.14285714285714285,0.0,0.14285714285714285,0.0,0.0,0.0,0.0,0.0,0.0,0.14285714285714285,0.0,0.0,0.0,0.0,0.14285714285714285,0.0,0.0,0.0,0.0,0.0,5.6,643.0,,94.0,1.0,0.0,0.0
101,0.125,0.0,0.0,0.125,0.125,0.0,0.125,0.0,0.0,0.0,0.0,0.0,0.0,0.125,0.0,0.0,0.0,0.0,0.125,0.125,0.0,0.0,0.0,0.125,6.3,780.0,,,0.0,0.0,1.0
102,0.0,0.0,0.0,0.2,0.2,0.0,0.2,0.0,0.0,0.0,0.2,0.0,0.0,0.2,0.0,0.0,0.0,0.0,0.0,0.0,0.0,0.0,0.0,0.0,8.0,176.0,208.0,219.0,0.0,1.0,0.0
103,0.0,0.0,0.0,0.2,0.2,0.0,0.2,0.0,0.0,0.0,0.2,0.0,0.0,0.2,0.0,0.0,0.0,0.0,0.0,0.0,0.0,0.0,0.0,0.0,8.0,144.0,230.0,219.0,0.0,1.0,0.0
104,0.0,0.0,0.0,0.19047619047619047,0.19047619047619047,0.0,0.19047619047619047,0.0,0.0,0.0,0.19047619047619047,0.0,0.0,0.19047619047619047,0.0,0.0,0.0,0.0,0.0,0.047619047619047616,0.0,0.0,0.0,0.0,7.9,151.0,200.0,215.0,0.0,1.0,0.0
105,0.0,0.0,0.0,0.18181818181818182,0.18181818181818182,0.0,0.18181818181818182,0.0,0.0,0.0,0.18181818181818182,0.0,0.0,0.18181818181818182,0.0,0.0,0.0,0.0,0.0,0.09090909090909091,0.0,0.0,0.0,0.0,7.8,186.0,620.0,211.0,0.0,1.0,0.0
106,0.0,0.0,0.0,0.17391304347826086,0.17391304347826086,0.0,0.17391304347826086,0.0,0.0,0.0,0.17391304347826086,0.0,0.0,0.17391304347826086,0.0,0.0,0.0,0.0,0.0,0.13043478260869565,0.0,0.0,0.0,0.0,7.7,342.0,740.0,,0.0,0.0,1.0
107,0.0,0.0,0.0,0.16666666666666666,0.16666666666666666,0.0,0.16666666666666666,0.0,0.0,0.0,0.16666666666666666,0.0,0.0,0.16666666666666666,0.0,0.0,0.0,0.0,0.0,0.16666666666666666,0.0,0.0,0.0,0.0,7.7,650.0,1660.0,,0.0,0.0,1.0
108,0.019607843137254905,0.0,0.0,0.19607843137254904,0.19607843137254904,0.0,0.19607843137254904,0.0,0.0,0.0,0.19607843137254904,0.0,0.0,0.19607843137254904,0.0,0.0,0.0,0.0,0.0,0.0,0.0,0.0,0.0,0.0,7.9,180.0,,216.0,0.0,1.0,0.0
109,0.038461538461538464,0.0,0.0,0.1923076923076923,0.1923076923076923,0.0,0.1923076923076923,0.0,0.0,0.0,0.1923076923076923,0.0,0.0,0.1923076923076923,0.0,0.0,0.0,0.0,0.0,0.0,0.0,0.0,0.0,0.0,7.7,171.0,220.0,214.0,0.0,1.0,0.0
110,0.07063197026022305,0.0,0.0,0.1858736059479554,0.1858736059479554,0.0,0.1858736059479554,0.0,0.0,0.0,0.1858736059479554,0.0,0.0,0.1858736059479554,0.0,0.0,0.0,0.0,0.0,0.0,0.0,0.0,0.0,0.0,7.5,182.0,244.0,209.0,0.0,1.0,0.0
111,0.07918968692449356,0.0,0.0,0.1841620626151013,0.1841620626151013,0.0,0.1841620626151013,0.0,0.0,0.0,0.1841620626151013,0.0,0.0,0.1841620626151013,0.0,0.0,0.0,0.0,0.0,0.0,0.0,0.0,0.0,0.0,7.4,183.0,285.0,208.0,0.0,0.0,1.0
112,0.08925318761384335,0.0,0.0,0.18214936247723132,0.18214936247723132,0.0,0.18214936247723132,0.0,0.0,0.0,0.18214936247723132,0.0,0.0,0.18214936247723132,0.0,0.0,0.0,0.0,0.0,0.0,0.0,0.0,0.0,0.0,7.4,220.0,331.0,206.0,0.0,0.0,1.0
113,0.10071942446043165,0.0,0.0,0.17985611510791366,0.17985611510791366,0.0,0.17985611510791366,0.0,0.0,0.0,0.17985611510791366,0.0,0.0,0.17985611510791366,0.0,0.0,0.0,0.0,0.0,0.0,0.0,0.0,0.0,0.0,7.3,278.0,526.0,204.0,0.0,0.0,1.0
114,0.11032028469750889,0.0,0.0,0.17793594306049823,0.17793594306049823,0.0,0.17793594306049823,0.0,0.0,0.0,0.17793594306049823,0.0,0.0,0.17793594306049823,0.0,0.0,0.0,0.0,0.0,0.0,0.0,0.0,0.0,0.0,7.2,405.0,833.0,203.0,0.0,0.0,1.0
115,0.11971830985915495,0.0,0.0,0.17605633802816903,0.17605633802816903,0.0,0.17605633802816903,0.0,0.0,0.0,0.17605633802816903,0.0,0.0,0.17605633802816903,0.0,0.0,0.0,0.0,0.0,0.0,0.0,0.0,0.0,0.0,7.2,486.0,,202.0,0.0,0.0,1.0
116,0.13043478260869565,0.0,0.0,0.17391304347826086,0.17391304347826086,0.0,0.17391304347826086,0.0,0.0,0.0,0.17391304347826086,0.0,0.0,0.17391304347826086,0.0,0.0,0.0,0.0,0.0,0.0,0.0,0.0,0.0,0.0,7.1,530.0,,200.0,0.0,0.0,1.0
117,0.13941480206540446,0.0,0.0,0.1721170395869191,0.1721170395869191,0.0,0.1721170395869191,0.0,0.0,0.0,0.1721170395869191,0.0,0.0,0.1721170395869191,0.0,0.0,0.0,0.0,0.0,0.0,0.0,0.0,0.0,0.0,7.0,539.0,,199.0,0.0,0.0,1.0
118,0.14965986394557823,0.0,0.0,0.17006802721088435,0.17006802721088435,0.0,0.17006802721088435,0.0,0.0,0.0,0.17006802721088435,0.0,0.0,0.17006802721088435,0.0,0.0,0.0,0.0,0.0,0.0,0.0,0.0,0.0,0.0,7.0,533.0,,197.0,0.0,0.0,1.0
119,0.15966386554621848,0.0,0.0,0.1680672268907563,0.1680672268907563,0.0,0.1680672268907563,0.0,0.0,0.0,0.1680672268907563,0.0,0.0,0.1680672268907563,0.0,0.0,0.0,0.0,0.0,0.0,0.0,0.0,0.0,0.0,6.9,535.0,,196.0,0.0,0.0,1.0
120,0.2,0.0,0.0,0.16,0.16,0.0,0.16,0.0,0.0,0.0,0.16,0.0,0.0,0.16,0.0,0.0,0.0,0.0,0.0,0.0,0.0,0.0,0.0,0.0,6.6,539.0,,190.0,1.0,0.0,0.0
121,0.0,0.0,0.0,0.3333333333333333,0.3333333333333333,0.0,0.0,0.0,0.0,0.0,0.0,0.0,0.0,0.3333333333333333,0.0,0.0,0.0,0.0,0.0,0.0,0.0,0.0,0.0,0.0,8.3,,300.0,229.0,0.0,1.0,0.0
122,0.0,0.0,0.0,0.3333333333333333,0.0,0.0,0.0,0.0,0.0,0.0,0.3333333333333333,0.0,0.0,0.3333333333333333,0.0,0.0,0.0,0.0,0.0,0.0,0.0,0.0,0.0,0.0,8.4,,231.0,202.0,0.0,1.0,0.0
123,0.0,0.0,0.0,0.0,0.0,0.0,0.3333333333333333,0.0,0.0,0.0,0.3333333333333333,0.0,0.0,0.3333333333333333,0.0,0.0,0.0,0.0,0.0,0.0,0.0,0.0,0.0,0.0,8.1,,221.0,203.0,0.0,1.0,0.0
124,0.0,0.0,0.0,0.25,0.25,0.0,0.25,0.0,0.0,0.0,0.0,0.0,0.0,0.25,0.0,0.0,0.0,0.0,0.0,0.0,0.0,0.0,0.0,0.0,8.2,,274.0,225.0,0.0,1.0,0.0
125,0.0,0.0,0.0,0.25,0.25,0.0,0.0,0.0,0.0,0.0,0.25,0.0,0.0,0.25,0.0,0.0,0.0,0.0,0.0,0.0,0.0,0.0,0.0,0.0,8.1,,282.0,222.0,0.0,1.0,0.0
126,0.0,0.0,0.0,0.25,0.0,0.0,0.25,0.0,0.0,0.0,0.25,0.0,0.0,0.25,0.0,0.0,0.0,0.0,0.0,0.0,0.0,0.0,0.0,0.0,8.2,,170.0,205.0,0.0,1.0,0.0
127,0.1111111111111111,0.0,0.0,0.0,0.2222222222222222,0.0,0.3333333333333333,0.0,0.0,0.0,0.2222222222222222,0.0,0.0,0.1111111111111111,0.0,0.0,0.0,0.0,0.0,0.0,0.0,0.0,0.0,0.0,7.0,396.0,,206.0,1.0,0.0,0.0
128,0.06976744186046512,0.0,0.0,0.0,0.23255813953488372,0.0,0.3488372093023256,0.0,0.0,0.0,0.23255813953488372,0.0,0.0,0.11627906976744186,0.0,0.0,0.0,0.0,0.0,0.0,0.0,0.0,0.0,0.0,7.2,297.0,,213.0,0.0,0.0,1.0
129,0.2222222222222222,0.0,0.0,0.2222222222222222,0.2222222222222222,0.0,0.2222222222222222,0.0,0.0,0.0,0.0,0.1111111111111111,0.0,0.0,0.0,0.0,0.0,0.0,0.0,0.0,0.0,0.0,0.0,0.0,6.8,857.0,,,0.0,0.0,1.0
130,0.25,0.0,0.0,0.0,0.25,0.0,0.25,0.0,0.0,0.0,0.0,0.0,0.0,0.25,0.0,0.0,0.0,0.0,0.0,0.0,0.0,0.0,0.0,0.0,6.3,472.0,1406.0,190.0,1.0,0.0,0.0
131,0.23809523809523808,0.0,0.0,0.0,0.23809523809523808,0.0,0.23809523809523808,0.0,0.0,0.0,0.0,0.047619047619047616,0.0,0.23809523809523808,0.0,0.0,0.0,0.0,0.0,0.0,0.0,0.0,0.0,0.0,6.5,549.0,1487.0,197.0,1.0,0.0,0.0
132,0.2222222222222222,0.0,0.0,0.0,0.2222222222222222,0.0,0.2222222222222222,0.0,0.0,0.0,0.0,0.1111111111111111,0.0,0.2222222222222222,0.0,0.0,0.0,0.0,0.0,0.0,0.0,0.0,0.0,0.0,6.8,622.0,1749.0,205.0,1.0,0.0,0.0
133,0.20833333333333334,0.0,0.0,0.0,0.20833333333333334,0.0,0.20833333333333334,0.0,0.0,0.0,0.0,0.16666666666666669,0.0,0.20833333333333334,0.0,0.0,0.0,0.0,0.0,0.0,0.0,0.0,0.0,0.0,7.0,854.0,1513.0,,0.0,0.0,1.0
134,0.2,0.0,0.0,0.0,0.2,0.0,0.2,0.0,0.0,0.0,0.0,0.2,0.0,0.2,0.0,0.0,0.0,0.0,0.0,0.0,0.0,0.0,0.0,0.0,7.2,905.0,,,0.0,0.0,1.0
135,0.0,0.0,0.0,0.25,0.25,0.25,0.25,0.0,0.0,0.0,0.0,0.0,0.0,0.0,0.0,0.0,0.0,0.0,0.0,0.0,0.0,0.0,0.0,0.0,8.2,134.0,,206.0,0.0,1.0,0.0
136,0.06976744186046512,0.0,0.0,0.23255813953488372,0.23255813953488372,0.23255813953488372,0.23255813953488372,0.0,0.0,0.0,0.0,0.0,0.0,0.0,0.0,0.0,0.0,0.0,0.0,0.0,0.0,0.0,0.0,0.0,7.7,180.0,,194.0,0.0,1.0,0.0
137,0.1111111111111111,0.0,0.0,0.2222222222222222,0.2222222222222222,0.2222222222222222,0.2222222222222222,0.0,0.0,0.0,0.0,0.0,0.0,0.0,0.0,0.0,0.0,0.0,0.0,0.0,0.0,0.0,0.0,0.0,7.4,207.0,,187.0,0.0,1.0,0.0
138,0.16666666666666669,0.0,0.0,0.20833333333333334,0.20833333333333334,0.20833333333333334,0.20833333333333334,0.0,0.0,0.0,0.0,0.0,0.0,0.0,0.0,0.0,0.0,0.0,0.0,0.0,0.0,0.0,0.0,0.0,7.0,271.0,,177.0,0.0,0.0,1.0
139,0.2,0.0,0.0,0.2,0.2,0.2,0.2,0.0,0.0,0.0,0.0,0.0,0.0,0.0,0.0,0.0,0.0,0.0,0.0,0.0,0.0,0.0,0.0,0.0,6.8,407.0,,172.0,0.0,0.0,1.0
140,0.24528301886792456,0.0,0.0,0.18867924528301888,0.18867924528301888,0.18867924528301888,0.18867924528301888,0.0,0.0,0.0,0.0,0.0,0.0,0.0,0.0,0.0,0.0,0.0,0.0,0.0,0.0,0.0,0.0,0.0,6.5,476.0,,165.0,0.0,0.0,1.0
141,0.2727272727272727,0.0,0.0,0.18181818181818182,0.18181818181818182,0.18181818181818182,0.18181818181818182,0.0,0.0,0.0,0.0,0.0,0.0,0.0,0.0,0.0,0.0,0.0,0.0,0.0,0.0,0.0,0.0,0.0,6.3,510.0,,167.0,0.0,0.0,1.0
142,0.3103448275862069,0.0,0.0,0.1724137931034483,0.1724137931034483,0.1724137931034483,0.1724137931034483,0.0,0.0,0.0,0.0,0.0,0.0,0.0,0.0,0.0,0.0,0.0,0.0,0.0,0.0,0.0,0.0,0.0,6.0,557.0,,155.0,0.0,0.0,1.0
143,0.3333333333333333,0.0,0.0,0.16666666666666666,0.16666666666666666,0.16666666666666666,0.16666666666666666,0.0,0.0,0.0,0.0,0.0,0.0,0.0,0.0,0.0,0.0,0.0,0.0,0.0,0.0,0.0,0.0,0.0,5.9,567.0,,152.0,0.0,0.0,1.0
144,0.36507936507936506,0.0,0.0,0.15873015873015872,0.15873015873015872,0.15873015873015872,0.15873015873015872,0.0,0.0,0.0,0.0,0.0,0.0,0.0,0.0,0.0,0.0,0.0,0.0,0.0,0.0,0.0,0.0,0.0,5.7,603.0,,147.0,0.0,0.0,1.0
145,0.38461538461538464,0.0,0.0,0.15384615384615385,0.15384615384615385,0.15384615384615385,0.15384615384615385,0.0,0.0,0.0,0.0,0.0,0.0,0.0,0.0,0.0,0.0,0.0,0.0,0.0,0.0,0.0,0.0,0.0,5.6,624.0,,144.0,0.0,0.0,1.0
146,0.4117647058823529,0.0,0.0,0.14705882352941177,0.14705882352941177,0.14705882352941177,0.14705882352941177,0.0,0.0,0.0,0.0,0.0,0.0,0.0,0.0,0.0,0.0,0.0,0.0,0.0,0.0,0.0,0.0,0.0,5.5,657.0,,140.0,1.0,0.0,0.0
147,0.42857142857142855,0.0,0.0,0.14285714285714285,0.14285714285714285,0.14285714285714285,0.14285714285714285,0.0,0.0,0.0,0.0,0.0,0.0,0.0,0.0,0.0,0.0,0.0,0.0,0.0,0.0,0.0,0.0,0.0,5.4,644.0,,138.0,1.0,0.0,0.0
148,0.0,0.0,0.0,0.2222222222222222,0.2222222222222222,0.1111111111111111,0.2222222222222222,0.0,0.0,0.0,0.0,0.0,0.0,0.2222222222222222,0.0,0.0,0.0,0.0,0.0,0.0,0.0,0.0,0.0,0.0,8.3,172.0,,214.0,0.0,1.0,0.0
149,0.0,0.0,0.0,0.2,0.2,0.2,0.2,0.0,0.0,0.0,0.0,0.0,0.0,0.2,0.0,0.0,0.0,0.0,0.0,0.0,0.0,0.0,0.0,0.0,8.3,132.0,230.0,56.0,0.0,1.0,0.0
150,0.0,0.0,0.0,0.2,0.2,0.2,0.2,0.0,0.0,0.0,0.0,0.0,0.0,0.2,0.0,0.0,0.0,0.0,0.0,0.0,0.0,0.0,0.0,0.0,8.3,286.0,230.0,56.0,0.0,1.0,0.0
151,0.0,0.0,0.0,0.2,0.2,0.2,0.2,0.0,0.0,0.0,0.0,0.0,0.0,0.2,0.0,0.0,0.0,0.0,0.0,0.0,0.0,0.0,0.0,0.0,8.3,286.0,,206.0,0.0,1.0,0.0
152,0.0,0.0,0.0,0.18181818181818182,0.18181818181818182,0.18181818181818182,0.18181818181818182,0.0,0.0,0.0,0.0,0.0,0.0,0.18181818181818182,0.0,0.0,0.0,0.0,0.09090909090909091,0.0,0.0,0.0,0.0,0.0,7.8,,700.0,93.0,0.0,1.0,0.0
153,0.0,0.0,0.0,0.18181818181818182,0.18181818181818182,0.18181818181818182,0.18181818181818182,0.0,0.0,0.0,0.0,0.0,0.0,0.18181818181818182,0.0,0.0,0.0,0.0,0.09090909090909091,0.0,0.0,0.0,0.0,0.0,7.8,,700.0,99.0,0.0,1.0,0.0
154,0.0,0.0,0.0,0.1724137931034483,0.1724137931034483,0.1724137931034483,0.1724137931034483,0.0,0.0,0.0,0.0,0.0,0.0,0.1724137931034483,0.0,0.0,0.0,0.0,0.13793103448275862,0.0,0.0,0.0,0.0,0.0,7.6,,1042.0,128.0,0.0,0.0,1.0
155,0.0,0.0,0.0,0.16666666666666666,0.16666666666666666,0.16666666666666666,0.16666666666666666,0.0,0.0,0.0,0.0,0.0,0.0,0.16666666666666666,0.0,0.0,0.0,0.0,0.16666666666666666,0.0,0.0,0.0,0.0,0.0,7.4,,1272.0,77.0,0.0,1.0,0.0
156,0.047619047619047616,0.0,0.0,0.19047619047619047,0.19047619047619047,0.09523809523809523,0.19047619047619047,0.0,0.0,0.0,0.0,0.0,0.0,0.19047619047619047,0.0,0.0,0.0,0.0,0.09523809523809523,0.0,0.0,0.0,0.0,0.0,7.4,,,198.0,0.0,1.0,0.0
157,0.045454545454545456,0.0,0.0,0.18181818181818182,0.18181818181818182,0.13636363636363635,0.18181818181818182,0.0,0.0,0.0,0.0,0.0,0.0,0.18181818181818182,0.0,0.0,0.0,0.0,0.09090909090909091,0.0,0.0,0.0,0.0,0.0,7.5,,750.0,103.0,0.0,1.0,0.0
158,0.05660377358490566,0.0,0.0,0.18867924528301888,0.18867924528301888,0.18867924528301888,0.18867924528301888,0.0,0.0,0.0,0.0,0.0,0.0,0.18867924528301888,0.0,0.0,0.0,0.0,0.0,0.0,0.0,0.0,0.0,0.0,7.9,180.0,,198.0,0.0,1.0,0.0
159,0.09090909090909091,0.0,0.0,0.18181818181818182,0.18181818181818182,0.18181818181818182,0.18181818181818182,0.0,0.0,0.0,0.0,0.0,0.0,0.18181818181818182,0.0,0.0,0.0,0.0,0.0,0.0,0.0,0.0,0.0,0.0,7.6,210.0,388.0,193.0,0.0,1.0,0.0
160,0.09090909090909091,0.0,0.0,0.18181818181818182,0.18181818181818182,0.18181818181818182,0.18181818181818182,0.0,0.0,0.0,0.0,0.0,0.0,0.18181818181818182,0.0,0.0,0.0,0.0,0.0,0.0,0.0,0.0,0.0,0.0,7.6,300.0,,193.0,0.0,0.0,1.0
161,0.09090909090909091,0.0,0.0,0.18181818181818182,0.18181818181818182,0.18181818181818182,0.18181818181818182,0.0,0.0,0.0,0.0,0.0,0.0,0.18181818181818182,0.0,0.0,0.0,0.0,0.0,0.0,0.0,0.0,0.0,0.0,7.6,225.0,,193.0,0.0,1.0,0.0
162,0.09090909090909091,0.0,0.0,0.18181818181818182,0.18181818181818182,0.18181818181818182,0.18181818181818182,0.0,0.0,0.0,0.0,0.0,0.0,0.18181818181818182,0.0,0.0,0.0,0.0,0.0,0.0,0.0,0.0,0.0,0.0,7.6,215.0,,193.0,0.0,1.0,0.0
163,0.13793103448275862,0.0,0.0,0.1724137931034483,0.1724137931034483,0.1724137931034483,0.1724137931034483,0.0,0.0,0.0,0.0,0.0,0.0,0.1724137931034483,0.0,0.0,0.0,0.0,0.0,0.0,0.0,0.0,0.0,0.0,7.3,270.0,,187.0,0.0,0.0,1.0
164,0.13793103448275862,0.0,0.0,0.1724137931034483,0.1724137931034483,0.1724137931034483,0.1724137931034483,0.0,0.0,0.0,0.0,0.0,0.0,0.1724137931034483,0.0,0.0,0.0,0.0,0.0,0.0,0.0,0.0,0.0,0.0,7.3,270.0,,187.0,0.0,1.0,0.0
165,0.16666666666666666,0.0,0.0,0.16666666666666666,0.16666666666666666,0.16666666666666666,0.16666666666666666,0.0,0.0,0.0,0.0,0.0,0.0,0.16666666666666666,0.0,0.0,0.0,0.0,0.0,0.0,0.0,0.0,0.0,0.0,7.1,406.0,950.0,183.0,0.0,0.0,1.0
166,0.16666666666666666,0.0,0.0,0.16666666666666666,0.16666666666666666,0.16666666666666666,0.16666666666666666,0.0,0.0,0.0,0.0,0.0,0.0,0.16666666666666666,0.0,0.0,0.0,0.0,0.0,0.0,0.0,0.0,0.0,0.0,7.1,472.0,,184.0,0.0,0.0,1.0
167,0.16666666666666666,0.0,0.0,0.16666666666666666,0.16666666666666666,0.16666666666666666,0.16666666666666666,0.0,0.0,0.0,0.0,0.0,0.0,0.16666666666666666,0.0,0.0,0.0,0.0,0.0,0.0,0.0,0.0,0.0,0.0,7.1,,1303.0,183.0,0.0,0.0,1.0
168,0.14285714285714285,0.0,0.0,0.14285714285714285,0.14285714285714285,0.14285714285714285,0.14285714285714285,0.0,0.0,0.0,0.14285714285714285,0.0,0.0,0.14285714285714285,0.0,0.0,0.0,0.0,0.0,0.0,0.0,0.0,0.0,0.0,7.1,,1005.0,,0.0,0.0,1.0
169,0.14285714285714285,0.0,0.0,0.14285714285714285,0.14285714285714285,0.14285714285714285,0.14285714285714285,0.0,0.0,0.0,0.0,0.0,0.0,0.14285714285714285,0.0,0.0,0.0,0.0,0.14285714285714285,0.0,0.0,0.0,0.0,0.0,6.6,,1234.0,174.0,0.0,0.0,1.0
170,0.14285714285714285,0.0,0.0,0.14285714285714285,0.14285714285714285,0.14285714285714285,0.14285714285714285,0.0,0.0,0.0,0.0,0.0,0.0,0.14285714285714285,0.0,0.0,0.0,0.0,0.0,0.14285714285714285,0.0,0.0,0.0,0.0,6.9,,1469.0,175.0,0.0,0.0,1.0
171,0.20634920634920637,0.0,0.0,0.15873015873015872,0.15873015873015872,0.15873015873015872,0.15873015873015872,0.0,0.0,0.0,0.0,0.0,0.0,0.15873015873015872,0.0,0.0,0.0,0.0,0.0,0.0,0.0,0.0,0.0,0.0,6.8,470.0,,178.0,0.0,0.0,1.0
172,0.23076923076923078,0.0,0.0,0.15384615384615385,0.15384615384615385,0.15384615384615385,0.15384615384615385,0.0,0.0,0.0,0.0,0.0,0.0,0.15384615384615385,0.0,0.0,0.0,0.0,0.0,0.0,0.0,0.0,0.0,0.0,6.6,506.0,,133.0,0.0,0.0,1.0
173,0.2647058823529412,0.0,0.0,0.14705882352941177,0.14705882352941177,0.14705882352941177,0.14705882352941177,0.0,0.0,0.0,0.0,0.0,0.0,0.14705882352941177,0.0,0.0,0.0,0.0,0.0,0.0,0.0,0.0,0.0,0.0,6.4,650.0,,170.0,0.0,0.0,1.0
174,0.2857142857142857,0.0,0.0,0.14285714285714285,0.14285714285714285,0.14285714285714285,0.14285714285714285,0.0,0.0,0.0,0.0,0.0,0.0,0.14285714285714285,0.0,0.0,0.0,0.0,0.0,0.0,0.0,0.0,0.0,0.0,6.3,560.0,1620.0,167.0,0.0,0.0,1.0
175,0.3150684931506849,0.0,0.0,0.136986301369863,0.136986301369863,0.136986301369863,0.136986301369863,0.0,0.0,0.0,0.0,0.0,0.0,0.136986301369863,0.0,0.0,0.0,0.0,0.0,0.0,0.0,0.0,0.0,0.0,6.1,600.0,,163.0,0.0,0.0,1.0
176,0.3333333333333333,0.0,0.0,0.13333333333333333,0.13333333333333333,0.13333333333333333,0.13333333333333333,0.0,0.0,0.0,0.0,0.0,0.0,0.13333333333333333,0.0,0.0,0.0,0.0,0.0,0.0,0.0,0.0,0.0,0.0,6.0,620.0,,161.0,0.0,0.0,1.0
177,0.358974358974359,0.0,0.0,0.12820512820512822,0.12820512820512822,0.12820512820512822,0.12820512820512822,0.0,0.0,0.0,0.0,0.0,0.0,0.12820512820512822,0.0,0.0,0.0,0.0,0.0,0.0,0.0,0.0,0.0,0.0,5.8,650.0,,157.0,1.0,0.0,0.0
178,0.375,0.0,0.0,0.125,0.125,0.125,0.125,0.0,0.0,0.0,0.0,0.0,0.0,0.125,0.0,0.0,0.0,0.0,0.0,0.0,0.0,0.0,0.0,0.0,5.7,640.0,,153.0,1.0,0.0,0.0
179,0.08771929824561403,0.03508771929824561,0.0,0.17543859649122806,0.17543859649122806,0.17543859649122806,0.17543859649122806,0.0,0.0,0.0,0.0,0.0,0.0,0.17543859649122806,0.0,0.0,0.0,0.0,0.0,0.0,0.0,0.0,0.0,0.0,7.7,415.0,,,0.0,0.0,1.0
180,0.0819672131147541,0.09836065573770492,0.0,0.1639344262295082,0.1639344262295082,0.1639344262295082,0.1639344262295082,0.0,0.0,0.0,0.0,0.0,0.0,0.1639344262295082,0.0,0.0,0.0,0.0,0.0,0.0,0.0,0.0,0.0,0.0,7.7,505.0,,,0.0,0.0,1.0
181,0.07692307692307693,0.15384615384615385,0.0,0.15384615384615385,0.15384615384615385,0.15384615384615385,0.15384615384615385,0.0,0.0,0.0,0.0,0.0,0.0,0.15384615384615385,0.0,0.0,0.0,0.0,0.0,0.0,0.0,0.0,0.0,0.0,7.8,736.0,,,0.0,0.0,1.0
182,0.09090909090909091,0.0,0.0,0.18181818181818182,0.18181818181818182,0.09090909090909091,0.18181818181818182,0.0,0.0,0.0,0.0,0.0,0.0,0.18181818181818182,0.0,0.0,0.0,0.0,0.09090909090909091,0.0,0.0,0.0,0.0,0.0,7.1,,1580.0,161.0,0.0,0.0,1.0
183,0.08771929824561403,0.0,0.0,0.17543859649122806,0.17543859649122806,0.17543859649122806,0.17543859649122806,0.0,0.0,0.0,0.0,0.0,0.0,0.17543859649122806,0.0,0.0,0.0,0.0,0.03508771929824561,0.0,0.0,0.0,0.0,0.0,7.5,272.0,,191.0,0.0,1.0,0.0
184,0.0847457627118644,0.0,0.0,0.1694915254237288,0.1694915254237288,0.1694915254237288,0.1694915254237288,0.0,0.0,0.0,0.0,0.0,0.0,0.1694915254237288,0.0,0.0,0.0,0.0,0.06779661016949153,0.0,0.0,0.0,0.0,0.0,7.3,321.0,,188.0,0.0,1.0,0.0
185,0.0819672131147541,0.0,0.0,0.1639344262295082,0.1639344262295082,0.1639344262295082,0.1639344262295082,0.0,0.0,0.0,0.0,0.0,0.0,0.1639344262295082,0.0,0.0,0.0,0.0,0.09836065573770492,0.0,0.0,0.0,0.0,0.0,7.2,458.0,,186.0,0.0,0.0,1.0
186,0.07936507936507936,0.0,0.0,0.15873015873015872,0.15873015873015872,0.15873015873015872,0.15873015873015872,0.0,0.0,0.0,0.0,0.0,0.0,0.15873015873015872,0.0,0.0,0.0,0.0,0.126984126984127,0.0,0.0,0.0,0.0,0.0,7.1,590.0,,184.0,0.0,0.0,1.0
187,0.07692307692307693,0.0,0.0,0.15384615384615385,0.15384615384615385,0.15384615384615385,0.15384615384615385,0.0,0.0,0.0,0.0,0.0,0.0,0.15384615384615385,0.0,0.0,0.0,0.0,0.15384615384615385,0.0,0.0,0.0,0.0,0.0,7.0,636.0,,,0.0,0.0,1.0
188,0.07462686567164178,0.0,0.0,0.14925373134328357,0.14925373134328357,0.14925373134328357,0.14925373134328357,0.0,0.0,0.0,0.0,0.0,0.0,0.14925373134328357,0.0,0.0,0.0,0.0,0.1791044776119403,0.0,0.0,0.0,0.0,0.0,6.9,646.0,,,0.0,0.0,1.0
189,0.07246376811594203,0.0,0.0,0.14492753623188406,0.14492753623188406,0.14492753623188406,0.14492753623188406,0.0,0.0,0.0,0.0,0.0,0.0,0.14492753623188406,0.0,0.0,0.0,0.0,0.20289855072463767,0.0,0.0,0.0,0.0,0.0,6.8,664.0,,,0.0,0.0,1.0
190,0.07042253521126761,0.0,0.0,0.14084507042253522,0.14084507042253522,0.14084507042253522,0.14084507042253522,0.0,0.0,0.0,0.0,0.0,0.0,0.14084507042253522,0.0,0.0,0.0,0.0,0.22535211267605637,0.0,0.0,0.0,0.0,0.0,6.7,657.0,,,0.0,0.0,1.0
191,0.0684931506849315,0.0,0.0,0.136986301369863,0.136986301369863,0.136986301369863,0.136986301369863,0.0,0.0,0.0,0.0,0.0,0.0,0.136986301369863,0.0,0.0,0.0,0.0,0.24657534246575344,0.0,0.0,0.0,0.0,0.0,6.6,667.0,,,0.0,0.0,1.0
192,0.06666666666666667,0.0,0.0,0.13333333333333333,0.13333333333333333,0.13333333333333333,0.13333333333333333,0.0,0.0,0.0,0.0,0.0,0.0,0.13333333333333333,0.0,0.0,0.0,0.0,0.26666666666666666,0.0,0.0,0.0,0.0,0.0,6.5,696.0,,,0.0,0.0,1.0
193,0.08771929824561403,0.0,0.0,0.17543859649122806,0.17543859649122806,0.17543859649122806,0.17543859649122806,0.0,0.0,0.0,0.0,0.0,0.0,0.17543859649122806,0.0,0.0,0.0,0.0,0.0,0.03508771929824561,0.0,0.0,0.0,0.0,7.6,204.0,,191.0,0.0,1.0,0.0
194,0.0847457627118644,0.0,0.0,0.1694915254237288,0.1694915254237288,0.1694915254237288,0.1694915254237288,0.0,0.0,0.0,0.0,0.0,0.0,0.1694915254237288,0.0,0.0,0.0,0.0,0.0,0.06779661016949153,0.0,0.0,0.0,0.0,7.5,231.0,,189.0,0.0,0.0,1.0
195,0.0819672131147541,0.0,0.0,0.1639344262295082,0.1639344262295082,0.1639344262295082,0.1639344262295082,0.0,0.0,0.0,0.0,0.0,0.0,0.1639344262295082,0.0,0.0,0.0,0.0,0.0,0.09836065573770492,0.0,0.0,0.0,0.0,7.5,328.0,,,0.0,0.0,1.0
196,0.07936507936507936,0.0,0.0,0.15873015873015872,0.15873015873015872,0.15873015873015872,0.15873015873015872,0.0,0.0,0.0,0.0,0.0,0.0,0.15873015873015872,0.0,0.0,0.0,0.0,0.0,0.126984126984127,0.0,0.0,0.0,0.0,7.4,447.0,,,0.0,0.0,1.0
197,0.07692307692307693,0.0,0.0,0.15384615384615385,0.15384615384615385,0.15384615384615385,0.15384615384615385,0.0,0.0,0.0,0.0,0.0,0.0,0.15384615384615385,0.0,0.0,0.0,0.0,0.0,0.15384615384615385,0.0,0.0,0.0,0.0,7.4,639.0,,,0.0,0.0,1.0
198,0.07462686567164178,0.0,0.0,0.14925373134328357,0.14925373134328357,0.14925373134328357,0.14925373134328357,0.0,0.0,0.0,0.0,0.0,0.0,0.14925373134328357,0.0,0.0,0.0,0.0,0.0,0.1791044776119403,0.0,0.0,0.0,0.0,7.3,579.0,,182.0,1.0,0.0,0.0
199,0.07246376811594203,0.0,0.0,0.14492753623188406,0.14492753623188406,0.14492753623188406,0.14492753623188406,0.0,0.0,0.0,0.0,0.0,0.0,0.14492753623188406,0.0,0.0,0.0,0.0,0.0,0.20289855072463767,0.0,0.0,0.0,0.0,7.3,577.0,,180.0,1.0,0.0,0.0
200,0.07042253521126761,0.0,0.0,0.14084507042253522,0.14084507042253522,0.14084507042253522,0.14084507042253522,0.0,0.0,0.0,0.0,0.0,0.0,0.14084507042253522,0.0,0.0,0.0,0.0,0.0,0.22535211267605637,0.0,0.0,0.0,0.0,7.2,594.0,,179.0,1.0,0.0,0.0
201,0.0684931506849315,0.0,0.0,0.136986301369863,0.136986301369863,0.136986301369863,0.136986301369863,0.0,0.0,0.0,0.0,0.0,0.0,0.136986301369863,0.0,0.0,0.0,0.0,0.0,0.24657534246575344,0.0,0.0,0.0,0.0,7.2,597.0,,177.0,1.0,0.0,0.0
202,0.06666666666666667,0.0,0.0,0.13333333333333333,0.13333333333333333,0.13333333333333333,0.13333333333333333,0.0,0.0,0.0,0.0,0.0,0.0,0.13333333333333333,0.0,0.0,0.0,0.0,0.0,0.26666666666666666,0.0,0.0,0.0,0.0,7.2,587.0,,176.0,1.0,0.0,0.0
203,0.13636363636363635,0.0,0.0,0.18181818181818182,0.18181818181818182,0.045454545454545456,0.18181818181818182,0.0,0.0,0.0,0.0,0.0,0.0,0.18181818181818182,0.0,0.0,0.0,0.0,0.09090909090909091,0.0,0.0,0.0,0.0,0.0,6.8,,1900.0,164.0,0.0,0.0,1.0
204,0.16666666666666666,0.0,0.0,0.16666666666666666,0.16666666666666666,0.16666666666666666,0.0,0.0,0.0,0.0,0.0,0.0,0.0,0.16666666666666666,0.0,0.0,0.0,0.0,0.16666666666666666,0.0,0.0,0.0,0.0,0.0,6.4,,,36.0,1.0,0.0,0.0
205,0.15384615384615385,0.0,0.0,0.15384615384615385,0.15384615384615385,0.15384615384615385,0.0,0.0,0.0,0.0,0.0,0.0,0.0,0.15384615384615385,0.0,0.0,0.0,0.0,0.15384615384615385,0.0,0.0,0.07692307692307693,0.0,0.0,6.1,,,36.0,0.0,0.0,1.0
206,0.14705882352941177,0.0,0.0,0.14705882352941177,0.14705882352941177,0.14705882352941177,0.0,0.0,0.0,0.0,0.0,0.0,0.0,0.14705882352941177,0.0,0.0,0.0,0.0,0.14705882352941177,0.0,0.0,0.11764705882352942,0.0,0.0,5.9,,,38.0,0.0,0.0,1.0
207,0.14285714285714285,0.0,0.0,0.14285714285714285,0.14285714285714285,0.14285714285714285,0.0,0.0,0.0,0.0,0.0,0.0,0.0,0.14285714285714285,0.0,0.0,0.0,0.0,0.14285714285714285,0.0,0.0,0.14285714285714285,0.0,0.0,5.8,,,37.0,0.0,0.0,1.0
208,0.25,0.0,0.0,0.25,0.0,0.0,0.25,0.0,0.0,0.0,0.0,0.0,0.0,0.25,0.0,0.0,0.0,0.0,0.0,0.0,0.0,0.0,0.0,0.0,6.6,456.0,964.0,173.0,1.0,0.0,0.0
209,0.14285714285714285,0.0,0.0,0.14285714285714285,0.0,0.0,0.14285714285714285,0.0,0.0,0.0,0.0,0.0,0.0,0.14285714285714285,0.0,0.0,0.0,0.0,0.14285714285714285,0.14285714285714285,0.0,0.0,0.0,0.14285714285714285,6.2,790.0,,143.0,1.0,0.0,0.0
210,0.0,0.0,0.0,0.25,0.0,0.25,0.25,0.0,0.0,0.0,0.0,0.0,0.0,0.25,0.0,0.0,0.0,0.0,0.0,0.0,0.0,0.0,0.0,0.0,8.6,,,188.0,0.0,1.0,0.0
211,0.0,0.0,0.0,0.24875621890547267,0.0,0.24875621890547267,0.24875621890547267,0.0,0.0,0.0,0.0,0.0,0.0,0.24875621890547267,0.0,0.0,0.0049751243781094535,0.0,0.0,0.0,0.0,0.0,0.0,0.0,8.6,,,187.0,0.0,1.0,0.0
212,0.0,0.0,0.0,0.24752475247524752,0.0,0.24752475247524752,0.24752475247524752,0.0,0.0,0.0,0.0,0.0,0.0,0.24752475247524752,0.0,0.0,0.009900990099009901,0.0,0.0,0.0,0.0,0.0,0.0,0.0,8.6,,,,0.0,0.0,1.0
213,0.0,0.0,0.0,0.2469135802469136,0.0,0.2469135802469136,0.2469135802469136,0.0,0.0,0.0,0.0,0.0,0.0,0.2469135802469136,0.0,0.0,0.01234567901234568,0.0,0.0,0.0,0.0,0.0,0.0,0.0,8.6,,,,0.0,0.0,1.0
214,0.0,0.0,0.0,0.24570024570024568,0.0,0.24570024570024568,0.24570024570024568,0.0,0.0,0.0,0.0,0.0,0.0,0.24570024570024568,0.0,0.0,0.0171990171990172,0.0,0.0,0.0,0.0,0.0,0.0,0.0,8.6,,,,0.0,0.0,1.0
215,0.0,0.0,0.0,0.24390243902439027,0.0,0.24390243902439027,0.24390243902439027,0.0,0.0,0.0,0.0,0.0,0.0,0.24390243902439027,0.0,0.0,0.02439024390243903,0.0,0.0,0.0,0.0,0.0,0.0,0.0,8.6,,,,0.0,0.0,1.0
216,0.0,0.0,0.0,0.23809523809523808,0.0,0.23809523809523808,0.23809523809523808,0.0,0.0,0.0,0.0,0.0,0.0,0.23809523809523808,0.0,0.0,0.047619047619047616,0.0,0.0,0.0,0.0,0.0,0.0,0.0,8.5,,,,0.0,0.0,1.0
217,0.0,0.0,0.0,0.2222222222222222,0.0,0.2222222222222222,0.2222222222222222,0.0,0.0,0.0,0.0,0.0,0.0,0.2222222222222222,0.0,0.0,0.1111111111111111,0.0,0.0,0.0,0.0,0.0,0.0,0.0,8.3,,,,0.0,0.0,1.0
218,0.2,0.0,0.0,0.2,0.0,0.2,0.2,0.0,0.0,0.0,0.0,0.0,0.0,0.2,0.0,0.0,0.0,0.0,0.0,0.0,0.0,0.0,0.0,0.0,7.0,536.0,,164.0,0.0,0.0,1.0
219,0.16666666666666666,0.0,0.0,0.16666666666666666,0.0,0.16666666666666666,0.16666666666666666,0.0,0.0,0.0,0.0,0.0,0.16666666666666666,0.16666666666666666,0.0,0.0,0.0,0.0,0.0,0.0,0.0,0.0,0.0,0.0,7.4,578.0,,,0.0,0.0,1.0
220,0.16666666666666666,0.0,0.0,0.16666666666666666,0.0,0.16666666666666666,0.16666666666666666,0.0,0.0,0.0,0.0,0.0,0.0,0.16666666666666666,0.0,0.16666666666666666,0.0,0.0,0.0,0.0,0.0,0.0,0.0,0.0,5.9,682.0,,145.0,0.0,0.0,1.0
221,0.16666666666666666,0.0,0.0,0.16666666666666666,0.0,0.16666666666666666,0.16666666666666666,0.0,0.0,0.0,0.0,0.0,0.0,0.16666666666666666,0.0,0.0,0.0,0.0,0.16666666666666666,0.0,0.0,0.0,0.0,0.0,6.5,626.0,,156.0,0.0,0.0,1.0
222,0.16666666666666666,0.0,0.0,0.16666666666666666,0.0,0.16666666666666666,0.16666666666666666,0.0,0.0,0.0,0.0,0.0,0.0,0.16666666666666666,0.0,0.0,0.0,0.0,0.0,0.0,0.0,0.0,0.0,0.16666666666666666,6.9,472.0,,,0.0,0.0,1.0
223,0.0,0.0,0.0,0.2,0.0,0.2,0.2,0.0,0.0,0.0,0.2,0.0,0.0,0.2,0.0,0.0,0.0,0.0,0.0,0.0,0.0,0.0,0.0,0.0,8.4,208.0,,190.0,0.0,1.0,0.0
224,0.0,0.0,0.0,0.19880715705765406,0.0,0.19880715705765406,0.19880715705765406,0.0,0.0,0.0,0.19880715705765406,0.0,0.0,0.19880715705765406,0.0,0.0,0.005964214711729622,0.0,0.0,0.0,0.0,0.0,0.0,0.0,8.4,192.0,,,0.0,1.0,0.0
225,0.0,0.0,0.0,0.19801980198019803,0.0,0.19801980198019803,0.19801980198019803,0.0,0.0,0.0,0.19801980198019803,0.0,0.0,0.19801980198019803,0.0,0.0,0.009900990099009901,0.0,0.0,0.0,0.0,0.0,0.0,0.0,8.4,205.0,,,0.0,0.0,1.0
226,0.0,0.0,0.0,0.19685039370078738,0.0,0.19685039370078738,0.19685039370078738,0.0,0.0,0.0,0.19685039370078738,0.0,0.0,0.19685039370078738,0.0,0.0,0.015748031496062992,0.0,0.0,0.0,0.0,0.0,0.0,0.0,8.3,219.0,,,0.0,0.0,1.0
227,0.0,0.0,0.0,0.19607843137254904,0.0,0.19607843137254904,0.19607843137254904,0.0,0.0,0.0,0.19607843137254904,0.0,0.0,0.19607843137254904,0.0,0.0,0.019607843137254905,0.0,0.0,0.0,0.0,0.0,0.0,0.0,8.3,253.0,,,0.0,0.0,1.0
228,0.0,0.0,0.0,0.1923076923076923,0.0,0.1923076923076923,0.1923076923076923,0.0,0.0,0.0,0.1923076923076923,0.0,0.0,0.1923076923076923,0.0,0.0,0.038461538461538464,0.0,0.0,0.0,0.0,0.0,0.0,0.0,8.3,319.0,,,0.0,0.0,1.0
229,0.0,0.0,0.0,0.0,0.2,0.2,0.2,0.0,0.0,0.0,0.2,0.0,0.0,0.2,0.0,0.0,0.0,0.0,0.0,0.0,0.0,0.0,0.0,0.0,8.1,296.0,,204.0,0.0,0.0,1.0
230,0.0,0.0,0.0,0.0,0.2,0.2,0.2,0.0,0.0,0.0,0.0,0.2,0.0,0.2,0.0,0.0,0.0,0.0,0.0,0.0,0.0,0.0,0.0,0.0,8.7,263.0,,230.0,0.0,1.0,0.0
231,0.2173913043478261,0.0,0.0,0.0,0.2173913043478261,0.2173913043478261,0.2173913043478261,0.0,0.0,0.0,0.0,0.0,0.0,0.13043478260869565,0.0,0.0,0.0,0.0,0.0,0.0,0.0,0.0,0.0,0.0,6.6,496.0,,176.0,0.0,0.0,1.0
232,0.20833333333333334,0.0,0.0,0.0,0.20833333333333334,0.20833333333333334,0.20833333333333334,0.0,0.0,0.0,0.0,0.0,0.0,0.16666666666666669,0.0,0.0,0.0,0.0,0.0,0.0,0.0,0.0,0.0,0.0,6.7,486.0,,177.0,0.0,0.0,1.0
233,0.2,0.0,0.0,0.0,0.2,0.2,0.2,0.0,0.0,0.0,0.0,0.0,0.0,0.2,0.0,0.0,0.0,0.0,0.0,0.0,0.0,0.0,0.0,0.0,6.8,495.0,,178.0,0.0,0.0,1.0
234,0.1923076923076923,0.0,0.0,0.0,0.1923076923076923,0.1923076923076923,0.1923076923076923,0.0,0.0,0.0,0.0,0.0,0.0,0.23076923076923075,0.0,0.0,0.0,0.0,0.0,0.0,0.0,0.0,0.0,0.0,6.8,407.0,,179.0,0.0,0.0,1.0
235,0.18518518518518517,0.0,0.0,0.0,0.18518518518518517,0.18518518518518517,0.18518518518518517,0.0,0.0,0.0,0.0,0.0,0.0,0.25925925925925924,0.0,0.0,0.0,0.0,0.0,0.0,0.0,0.0,0.0,0.0,6.9,367.0,,180.0,0.0,0.0,1.0
236,0.16666666666666666,0.0,0.0,0.0,0.16666666666666666,0.16666666666666666,0.16666666666666666,0.0,0.0,0.0,0.0,0.0,0.0,0.3333333333333333,0.0,0.0,0.0,0.0,0.0,0.0,0.0,0.0,0.0,0.0,7.1,,,182.0,0.0,0.0,1.0
237,0.16666666666666666,0.0,0.0,0.0,0.16666666666666666,0.16666666666666666,0.16666666666666666,0.0,0.0,0.0,0.0,0.0,0.0,0.16666666666666666,0.0,0.0,0.0,0.0,0.16666666666666666,0.0,0.0,0.0,0.0,0.0,6.3,,,,0.0,0.0,1.0
238,0.038461538461538464,0.0,0.0,0.0,0.1923076923076923,0.1923076923076923,0.1923076923076923,0.0,0.0,0.0,0.0,0.0,0.0,0.3846153846153846,0.0,0.0,0.0,0.0,0.0,0.0,0.0,0.0,0.0,0.0,8.0,,,199.0,0.0,1.0,0.0
239,0.07407407407407407,0.0,0.0,0.0,0.18518518518518517,0.18518518518518517,0.18518518518518517,0.0,0.0,0.0,0.0,0.0,0.0,0.37037037037037035,0.0,0.0,0.0,0.0,0.0,0.0,0.0,0.0,0.0,0.0,7.8,,,194.0,0.0,1.0,0.0
240,0.10714285714285715,0.0,0.0,0.0,0.17857142857142858,0.17857142857142858,0.17857142857142858,0.0,0.0,0.0,0.0,0.0,0.0,0.35714285714285715,0.0,0.0,0.0,0.0,0.0,0.0,0.0,0.0,0.0,0.0,7.5,,,190.0,0.0,1.0,0.0
241,0.13793103448275862,0.0,0.0,0.0,0.1724137931034483,0.1724137931034483,0.1724137931034483,0.0,0.0,0.0,0.0,0.0,0.0,0.3448275862068966,0.0,0.0,0.0,0.0,0.0,0.0,0.0,0.0,0.0,0.0,7.3,,,186.0,0.0,1.0,0.0
242,0.1935483870967742,0.0,0.0,0.0,0.16129032258064516,0.16129032258064516,0.16129032258064516,0.0,0.0,0.0,0.0,0.0,0.0,0.3225806451612903,0.0,0.0,0.0,0.0,0.0,0.0,0.0,0.0,0.0,0.0,6.9,,,178.0,0.0,0.0,1.0
243,0.2,0.0,0.0,0.0,0.2,0.2,0.2,0.0,0.0,0.0,0.0,0.0,0.0,0.2,0.0,0.0,0.0,0.0,0.0,0.0,0.0,0.0,0.0,0.0,6.8,342.0,,178.0,0.0,0.0,1.0
244,0.225,0.0,0.0,0.0,0.0,0.2,0.15,0.0,0.0,0.0,0.0,0.0,0.0,0.2,0.0,0.0,0.0,0.0,0.225,0.0,0.0,0.0,0.0,0.0,5.9,516.0,980.0,145.0,0.0,1.0,0.0
245,0.225,0.0,0.0,0.0,0.0,0.2,0.15,0.0,0.0,0.0,0.0,0.0,0.0,0.2,0.0,0.0,0.0,0.0,0.225,0.0,0.0,0.0,0.0,0.0,5.9,516.0,980.0,145.0,0.0,1.0,0.0
246,0.2,0.0,0.0,0.0,0.0,0.2,0.2,0.0,0.0,0.0,0.0,0.0,0.0,0.2,0.0,0.0,0.0,0.0,0.2,0.0,0.0,0.0,0.0,0.0,6.1,516.0,1074.0,146.0,0.0,1.0,0.0
247,0.25,0.0,0.0,0.0,0.0,0.25,0.0,0.0,0.0,0.0,0.0,0.0,0.0,0.25,0.0,0.0,0.0,0.0,0.25,0.0,0.0,0.0,0.0,0.0,5.7,537.0,300.0,108.0,0.0,1.0,0.0
248,0.3125,0.0,0.0,0.0,0.0,0.0,0.0,0.0,0.15625,0.3125,0.0,0.0,0.0,0.0,0.0,0.0,0.0625,0.0,0.0,0.0,0.0,0.0,0.15625,0.0,2.9,,546.0,,0.0,0.0,1.0
249,0.2,0.0,0.0,0.0,0.0,0.0,0.0,0.0,0.2,0.1,0.0,0.0,0.0,0.0,0.2,0.0,0.0,0.0,0.3,0.0,0.0,0.0,0.0,0.0,2.7,591.0,,69.0,0.0,0.0,1.0
250,0.2,0.0,0.0,0.0,0.0,0.0,0.0,0.0,0.2,0.2,0.0,0.0,0.0,0.0,0.0,0.0,0.2,0.0,0.0,0.0,0.0,0.0,0.2,0.0,3.9,,600.0,,0.0,0.0,1.0
251,0.8,0.0,0.0,0.0,0.0,0.0,0.0,0.0,0.05,0.05,0.0,0.0,0.0,0.0,0.0,0.0,0.05,0.0,0.0,0.0,0.0,0.0,0.05,0.0,3.0,,415.0,,0.0,0.0,1.0
252,0.8,0.0,0.0,0.0,0.0,0.05,0.0,0.0,0.05,0.05,0.0,0.0,0.0,0.0,0.0,0.0,0.0,0.0,0.0,0.0,0.0,0.0,0.05,0.0,2.9,,488.0,,0.0,0.0,1.0
253,0.3125,0.0,0.0,0.0,0.0,0.0625,0.0,0.0,0.15625,0.3125,0.0,0.0,0.0,0.0,0.0,0.0,0.0,0.0,0.0,0.0,0.0,0.0,0.15625,0.0,2.7,,,,0.0,0.0,1.0
254,0.3125,0.0,0.0,0.0,0.0,0.15625,0.0,0.0,0.15625,0.3125,0.0,0.0,0.0,0.0,0.0,0.0,0.0625,0.0,0.0,0.0,0.0,0.0,0.0,0.0,3.0,,,,0.0,0.0,1.0
255,0.2222222222222222,0.0,0.0,0.0,0.1111111111111111,0.0,0.0,0.0,0.0,0.0,0.0,0.0,0.2222222222222222,0.0,0.0,0.0,0.0,0.0,0.2222222222222222,0.2222222222222222,0.0,0.0,0.0,0.0,5.6,,1300.0,124.0,1.0,0.0,0.0
256,0.2,0.0,0.0,0.0,0.2,0.0,0.0,0.0,0.0,0.0,0.0,0.0,0.2,0.0,0.0,0.0,0.0,0.0,0.2,0.2,0.0,0.0,0.0,0.0,5.8,,1550.0,,0.0,0.0,1.0
257,0.18181818181818182,0.0,0.0,0.0,0.2727272727272727,0.0,0.0,0.0,0.0,0.0,0.0,0.0,0.18181818181818182,0.0,0.0,0.0,0.0,0.0,0.18181818181818182,0.18181818181818182,0.0,0.0,0.0,0.0,5.9,,1700.0,,0.0,0.0,1.0
258,0.08,0.0,0.0,0.0,0.0,0.0,0.0,0.12,0.0,0.0,0.0,0.0,0.2,0.0,0.0,0.0,0.0,0.2,0.2,0.0,0.0,0.0,0.0,0.2,9.1,500.0,1841.0,110.0,1.0,0.0,0.0
259,0.05660377358490566,0.0,0.0,0.0,0.0,0.0,0.0,0.18867924528301888,0.0,0.0,0.0,0.0,0.18867924528301888,0.0,0.0,0.0,0.0,0.18867924528301888,0.18867924528301888,0.0,0.0,0.0,0.0,0.18867924528301888,9.5,353.0,1188.0,63.0,1.0,0.0,0.0
260,0.09090909090909091,0.0,0.0,0.0,0.0,0.0,0.0,0.18181818181818182,0.0,0.0,0.0,0.0,0.18181818181818182,0.0,0.0,0.0,0.0,0.18181818181818182,0.18181818181818182,0.0,0.0,0.0,0.0,0.18181818181818182,9.3,396.0,1302.0,97.0,1.0,0.0,0.0
261,0.13043478260869565,0.0,0.0,0.0,0.0,0.0,0.0,0.17391304347826086,0.0,0.0,0.0,0.0,0.17391304347826086,0.0,0.0,0.0,0.0,0.17391304347826086,0.17391304347826086,0.0,0.0,0.0,0.0,0.17391304347826086,9.3,427.0,1415.0,102.0,1.0,0.0,0.0
262,0.2,0.0,0.0,0.0,0.0,0.0,0.0,0.0,0.0,0.0,0.0,0.1,0.2,0.0,0.0,0.0,0.0,0.1,0.2,0.0,0.0,0.0,0.0,0.2,7.1,591.0,2000.0,123.0,1.0,0.0,0.0
263,0.058823529411764705,0.0,0.0,0.0,0.0,0.0,0.0,0.0,0.0,0.0,0.0,0.23529411764705882,0.23529411764705882,0.0,0.0,0.0,0.0,0.0,0.23529411764705882,0.23529411764705882,0.0,0.0,0.0,0.0,7.1,460.0,1250.0,164.0,1.0,0.0,0.0
264,0.1111111111111111,0.0,0.0,0.0,0.0,0.0,0.0,0.0,0.0,0.0,0.0,0.2222222222222222,0.2222222222222222,0.0,0.0,0.0,0.0,0.0,0.2222222222222222,0.2222222222222222,0.0,0.0,0.0,0.0,6.8,487.0,1625.0,158.0,1.0,0.0,0.0
265,0.15789473684210525,0.0,0.0,0.0,0.0,0.0,0.0,0.0,0.0,0.0,0.0,0.21052631578947367,0.21052631578947367,0.0,0.0,0.0,0.0,0.0,0.21052631578947367,0.21052631578947367,0.0,0.0,0.0,0.0,6.6,517.0,1260.0,154.0,1.0,0.0,0.0
266,0.2,0.0,0.0,0.0,0.0,0.0,0.0,0.0,0.0,0.0,0.0,0.2,0.2,0.0,0.0,0.0,0.0,0.0,0.2,0.2,0.0,0.0,0.0,0.0,6.4,537.0,1375.0,150.0,1.0,0.0,0.0
267,0.058823529411764705,0.0,0.0,0.0,0.0,0.0,0.0,0.0,0.0,0.0,0.0,0.0,0.23529411764705882,0.0,0.0,0.0,0.0,0.23529411764705882,0.23529411764705882,0.23529411764705882,0.0,0.0,0.0,0.0,8.8,,1330.0,92.0,1.0,0.0,0.0
268,0.1111111111111111,0.0,0.0,0.0,0.0,0.0,0.0,0.0,0.0,0.0,0.0,0.0,0.2222222222222222,0.0,0.0,0.0,0.0,0.2222222222222222,0.2222222222222222,0.2222222222222222,0.0,0.0,0.0,0.0,8.5,,1014.0,97.0,1.0,0.0,0.0
269,0.2,0.0,0.0,0.0,0.0,0.0,0.0,0.0,0.0,0.0,0.0,0.0,0.2,0.0,0.0,0.0,0.0,0.2,0.2,0.2,0.0,0.0,0.0,0.0,7.9,,993.0,101.0,1.0,0.0,0.0
270,0.06,0.0,0.0,0.0,0.0,0.0,0.0,0.0,0.0,0.0,0.0,0.0,0.2,0.0,0.0,0.0,0.0,0.16,0.27999999999999997,0.04,0.0,0.0,0.0,0.26,7.7,500.0,1965.0,110.0,1.0,0.0,0.0
271,0.1,0.0,0.0,0.0,0.0,0.0,0.0,0.0,0.0,0.0,0.0,0.0,0.2,0.0,0.0,0.0,0.0,0.16,0.3,0.04,0.0,0.0,0.0,0.2,7.6,530.0,2035.0,111.0,1.0,0.0,0.0
272,0.06,0.0,0.0,0.0,0.0,0.0,0.0,0.0,0.0,0.0,0.0,0.0,0.2,0.0,0.0,0.0,0.0,0.2,0.27999999999999997,0.0,0.0,0.0,0.0,0.26,8.1,490.0,1965.0,113.0,1.0,0.0,0.0
273,0.2,0.0,0.0,0.0,0.0,0.0,0.0,0.0,0.0,0.0,0.0,0.0,0.3,0.0,0.0,0.0,0.0,0.1,0.3,0.0,0.0,0.0,0.0,0.1,6.8,408.0,1280.0,106.0,1.0,0.0,0.0
274,0.25,0.0,0.0,0.0,0.0,0.0,0.0,0.0,0.0,0.0,0.0,0.0,0.25,0.0,0.0,0.0,0.0,0.0,0.25,0.25,0.0,0.0,0.0,0.0,5.5,448.0,1020.0,105.0,1.0,0.0,0.0
275,0.25,0.0,0.0,0.0,0.0,0.0,0.0,0.0,0.0,0.0,0.0,0.0,0.25,0.0,0.0,0.0,0.0,0.0,0.25,0.25,0.0,0.0,0.0,0.0,5.5,,1000.0,105.0,1.0,0.0,0.0
276,0.0,0.0,0.0,0.0,0.2,0.0,0.0,0.2,0.0,0.0,0.0,0.0,0.2,0.0,0.0,0.0,0.0,0.0,0.2,0.0,0.0,0.0,0.0,0.2,8.2,464.0,1375.0,112.0,0.0,0.0,1.0
277,0.0,0.0,0.0,0.0,0.2,0.0,0.0,0.0,0.0,0.0,0.0,0.1,0.2,0.0,0.0,0.0,0.0,0.1,0.2,0.0,0.0,0.0,0.0,0.2,8.0,540.0,1595.0,,0.0,0.0,1.0
278,0.0,0.0,0.0,0.0,0.2,0.0,0.0,0.0,0.0,0.0,0.0,0.0,0.2,0.0,0.0,0.0,0.0,0.0,0.2,0.2,0.0,0.0,0.0,0.2,6.6,482.0,1298.0,,0.0,0.0,1.0
279,0.0,0.0,0.0,0.0,0.25,0.0,0.0,0.0,0.0,0.0,0.0,0.0,0.25,0.0,0.0,0.0,0.0,0.0,0.25,0.0,0.0,0.0,0.0,0.25,6.6,418.0,1260.0,,0.0,0.0,1.0
280,0.0,0.0,0.0,0.0,0.0,0.0,0.16666666666666666,0.0,0.0,0.0,0.0,0.16666666666666666,0.0,0.16666666666666666,0.0,0.0,0.0,0.0,0.16666666666666666,0.16666666666666666,0.0,0.0,0.0,0.16666666666666666,7.1,740.0,,,0.0,0.0,1.0
281,0.0,0.0,0.0,0.0,0.0,0.0,0.0,0.125,0.0,0.0,0.0,0.125,0.25,0.0,0.0,0.0,0.0,0.0,0.25,0.0,0.0,0.0,0.0,0.25,7.9,400.0,1178.0,,0.0,0.0,1.0
282,0.0,0.0,0.0,0.0,0.0,0.0,0.0,0.12195121951219513,0.0,0.0,0.0,0.12195121951219513,0.24390243902439027,0.0,0.0,0.02439024390243903,0.0,0.0,0.24390243902439027,0.0,0.0,0.0,0.0,0.24390243902439027,7.7,442.0,1365.0,,0.0,0.0,1.0
283,0.0,0.0,0.0,0.0,0.0,0.0,0.0,0.11627906976744186,0.0,0.0,0.0,0.11627906976744186,0.23255813953488372,0.0,0.0,0.06976744186046512,0.0,0.0,0.23255813953488372,0.0,0.0,0.0,0.0,0.23255813953488372,7.5,494.0,1428.0,,0.0,0.0,1.0
284,0.0,0.0,0.0,0.0,0.0,0.0,0.0,0.1111111111111111,0.0,0.0,0.0,0.1111111111111111,0.2222222222222222,0.0,0.0,0.1111111111111111,0.0,0.0,0.2222222222222222,0.0,0.0,0.0,0.0,0.2222222222222222,7.2,524.0,1605.0,,0.0,0.0,1.0
285,0.0,0.0,0.0,0.0,0.0,0.0,0.0,0.10638297872340426,0.0,0.0,0.0,0.10638297872340426,0.2127659574468085,0.0,0.0,0.14893617021276595,0.0,0.0,0.2127659574468085,0.0,0.0,0.0,0.0,0.2127659574468085,7.0,580.0,1604.0,,0.0,0.0,1.0
286,0.0,0.0,0.0,0.0,0.0,0.0,0.0,0.1020408163265306,0.0,0.0,0.0,0.1020408163265306,0.2040816326530612,0.0,0.0,0.18367346938775508,0.0,0.0,0.2040816326530612,0.0,0.0,0.0,0.0,0.2040816326530612,6.8,640.0,1677.0,,0.0,0.0,1.0
287,0.0,0.0,0.02439024390243903,0.0,0.0,0.0,0.0,0.12195121951219513,0.0,0.0,0.0,0.12195121951219513,0.24390243902439027,0.0,0.0,0.0,0.0,0.0,0.24390243902439027,0.0,0.0,0.0,0.0,0.24390243902439027,7.8,,1183.0,,0.0,0.0,1.0
288,0.0,0.0,0.06976744186046512,0.0,0.0,0.0,0.0,0.11627906976744186,0.0,0.0,0.0,0.11627906976744186,0.23255813953488372,0.0,0.0,0.0,0.0,0.0,0.23255813953488372,0.0,0.0,0.0,0.0,0.23255813953488372,7.7,,1201.0,,0.0,0.0,1.0
289,0.0,0.0,0.0,0.0,0.0,0.0,0.0,0.19047619047619047,0.0,0.0,0.0,0.047619047619047616,0.19047619047619047,0.0,0.0,0.0,0.0,0.19047619047619047,0.19047619047619047,0.0,0.0,0.0,0.0,0.19047619047619047,9.9,395.0,1112.0,96.0,1.0,0.0,0.0
290,0.0,0.0,0.0,0.0,0.0,0.0,0.0,0.18181818181818182,0.0,0.0,0.0,0.09090909090909091,0.18181818181818182,0.0,0.0,0.0,0.0,0.18181818181818182,0.18181818181818182,0.0,0.0,0.0,0.0,0.18181818181818182,10.0,480.0,1317.0,102.0,1.0,0.0,0.0
291,0.0,0.0,0.0,0.0,0.0,0.0,0.0,0.17391304347826086,0.0,0.0,0.0,0.13043478260869565,0.17391304347826086,0.0,0.0,0.0,0.0,0.17391304347826086,0.17391304347826086,0.0,0.0,0.0,0.0,0.17391304347826086,10.0,492.0,1373.0,109.0,1.0,0.0,0.0
292,0.0,0.0,0.0,0.0,0.0,0.0,0.0,0.16666666666666666,0.0,0.0,0.0,0.16666666666666666,0.16666666666666666,0.0,0.0,0.0,0.0,0.16666666666666666,0.16666666666666666,0.0,0.0,0.0,0.0,0.16666666666666666,10.0,505.0,1512.0,147.0,1.0,0.0,0.0
293,0.0,0.0,0.0,0.0,0.0,0.0,0.0,0.16666666666666666,0.0,0.0,0.0,0.16666666666666666,0.16666666666666666,0.0,0.0,0.0,0.0,0.16666666666666666,0.16666666666666666,0.0,0.0,0.0,0.0,0.16666666666666666,10.0,505.0,1512.0,115.0,1.0,0.0,0.0
294,0.0,0.0,0.0,0.0,0.0,0.0,0.0,0.2,0.0,0.0,0.0,0.2,0.0,0.0,0.0,0.0,0.0,0.2,0.2,0.0,0.0,0.0,0.0,0.2,10.2,542.0,1600.0,155.0,1.0,0.0,0.0
295,0.0,0.0,0.0,0.0,0.0,0.0,0.0,0.2,0.0,0.0,0.0,0.2,0.2,0.0,0.0,0.0,0.0,0.0,0.2,0.0,0.0,0.0,0.0,0.2,8.7,,1803.0,139.0,1.0,0.0,0.0
296,0.0,0.0,0.0,0.0,0.0,0.0,0.0,0.2222222222222222,0.0,0.0,0.0,0.0,0.2222222222222222,0.0,0.0,0.1111111111111111,0.0,0.0,0.2222222222222222,0.2222222222222222,0.0,0.0,0.0,0.0,8.6,490.0,1399.0,,0.0,0.0,1.0
297,0.0,0.0,0.0,0.0,0.0,0.0,0.0,0.18181818181818182,0.0,0.0,0.0,0.0,0.18181818181818182,0.0,0.0,0.09090909090909091,0.0,0.0,0.18181818181818182,0.18181818181818182,0.0,0.0,0.0,0.18181818181818182,7.8,464.0,1540.0,,0.0,0.0,1.0
298,0.0,0.0,0.0,0.0,0.0,0.0,0.0,0.25,0.0,0.0,0.0,0.0,0.25,0.0,0.0,0.0,0.0,0.25,0.0,0.0,0.0,0.0,0.0,0.25,11.1,365.0,1315.0,109.0,1.0,0.0,0.0
299,0.0,0.0,0.0,0.0,0.0,0.0,0.0,0.125,0.0,0.0,0.0,0.0,0.125,0.0,0.0,0.0,0.0,0.125,0.375,0.0,0.0,0.0,0.0,0.25,8.1,301.0,903.0,107.0,1.0,0.0,0.0
300,0.0,0.0,0.0,0.0,0.0,0.0,0.0,0.2,0.0,0.0,0.0,0.0,0.2,0.0,0.0,0.0,0.0,0.2,0.2,0.0,0.0,0.0,0.0,0.2,9.9,335.0,1015.0,85.0,1.0,0.0,0.0
301,0.0,0.0,0.0,0.0,0.0,0.0,0.0,0.2,0.0,0.0,0.0,0.0,0.2,0.0,0.0,0.0,0.0,0.2,0.2,0.0,0.0,0.0,0.0,0.2,9.7,295.0,1073.0,55.0,1.0,0.0,0.0
302,0.0,0.0,0.0,0.0,0.0,0.0,0.0,0.2,0.0,0.0,0.0,0.0,0.2,0.0,0.0,0.0,0.0,0.2,0.2,0.0,0.0,0.0,0.0,0.2,9.9,390.0,929.0,111.0,1.0,0.0,0.0
303,0.0,0.0,0.0,0.0,0.0,0.0,0.0,0.2,0.0,0.0,0.0,0.0,0.2,0.0,0.0,0.0,0.0,0.0,0.2,0.2,0.0,0.0,0.0,0.2,8.1,388.0,1170.0,128.0,0.0,0.0,1.0
304,0.0,0.0,0.0,0.0,0.0,0.0,0.0,0.25,0.0,0.0,0.0,0.0,0.25,0.0,0.0,0.0,0.0,0.0,0.25,0.0,0.0,0.0,0.0,0.25,8.4,,879.0,92.0,1.0,0.0,0.0
305,0.0,0.0,0.0,0.0,0.0,0.0,0.0,0.0,0.0,0.0,0.0,0.25,0.25,0.0,0.0,0.0,0.0,0.25,0.0,0.25,0.0,0.0,0.0,0.0,10.7,504.0,1525.0,187.0,1.0,0.0,0.0
306,0.0,0.0,0.0,0.0,0.0,0.0,0.0,0.0,0.0,0.0,0.0,0.2,0.2,0.0,0.0,0.0,0.0,0.2,0.0,0.2,0.2,0.0,0.0,0.0,12.4,536.0,1246.0,232.0,1.0,0.0,0.0
307,0.0,0.0,0.0,0.0,0.0,0.0,0.0,0.0,0.0,0.0,0.0,0.25,0.25,0.0,0.0,0.0,0.0,0.25,0.0,0.0,0.25,0.0,0.0,0.0,13.7,454.0,1058.0,258.0,1.0,0.0,0.0
308,0.0,0.0,0.0,0.0,0.0,0.0,0.0,0.0,0.0,0.0,0.0,0.25,0.25,0.0,0.0,0.0,0.0,0.0,0.25,0.25,0.0,0.0,0.0,0.0,7.3,441.0,1200.0,170.0,1.0,0.0,0.0
309,0.0,0.0,0.0,0.0,0.0,0.0,0.0,0.0,0.0,0.0,0.0,0.06976744186046512,0.23255813953488372,0.0,0.0,0.0,0.0,0.0,0.23255813953488372,0.23255813953488372,0.0,0.0,0.0,0.23255813953488372,6.7,,1289.0,,1.0,0.0,0.0
310,0.0,0.0,0.0,0.0,0.0,0.0,0.0,0.0,0.0,0.0,0.0,0.1111111111111111,0.2222222222222222,0.0,0.0,0.0,0.0,0.0,0.2222222222222222,0.2222222222222222,0.0,0.0,0.0,0.2222222222222222,6.8,,1473.0,,1.0,0.0,0.0
311,0.0,0.0,0.0,0.0,0.0,0.0,0.0,0.0,0.0,0.0,0.0,0.14893617021276595,0.2127659574468085,0.0,0.0,0.0,0.0,0.0,0.2127659574468085,0.2127659574468085,0.0,0.0,0.0,0.2127659574468085,7.0,,1706.0,,1.0,0.0,0.0
312,0.0,0.0,0.0,0.0,0.0,0.0,0.0,0.0,0.0,0.0,0.0,0.2,0.2,0.0,0.0,0.0,0.0,0.0,0.2,0.2,0.0,0.0,0.0,0.2,7.1,,1779.0,,1.0,0.0,0.0
313,0.0,0.0,0.0,0.0,0.0,0.0,0.0,0.0,0.0,0.0,0.0,0.24528301886792456,0.18867924528301888,0.0,0.0,0.0,0.0,0.0,0.18867924528301888,0.18867924528301888,0.0,0.0,0.0,0.18867924528301888,7.3,,1496.0,,1.0,0.0,0.0
314,0.0,0.0,0.0,0.0,0.0,0.0,0.0,0.0,0.0,0.0,0.0,0.2727272727272727,0.18181818181818182,0.0,0.0,0.0,0.0,0.0,0.18181818181818182,0.18181818181818182,0.0,0.0,0.0,0.18181818181818182,7.4,,1603.0,,1.0,0.0,0.0
315,0.0,0.0,0.0,0.0,0.0,0.0,0.0,0.0,0.0,0.0,0.0,0.2982456140350877,0.17543859649122806,0.0,0.0,0.0,0.0,0.0,0.17543859649122806,0.17543859649122806,0.0,0.0,0.0,0.17543859649122806,7.5,,1645.0,,1.0,0.0,0.0
316,0.0,0.0,0.0,0.0,0.0,0.0,0.0,0.0,0.0,0.0,0.0,0.3333333333333333,0.16666666666666666,0.0,0.0,0.0,0.0,0.0,0.16666666666666666,0.16666666666666666,0.0,0.0,0.0,0.16666666666666666,7.6,,1765.0,,1.0,0.0,0.0
317,0.0,0.0,0.0,0.0,0.0,0.0,0.0,0.0,0.0,0.0,0.0,0.23529411764705882,0.23529411764705882,0.0,0.0,0.0,0.0,0.0,0.23529411764705882,0.058823529411764705,0.0,0.0,0.0,0.23529411764705882,7.3,,1776.0,153.0,1.0,0.0,0.0
318,0.0,0.0,0.0,0.0,0.0,0.0,0.0,0.0,0.0,0.0,0.0,0.2222222222222222,0.2222222222222222,0.0,0.0,0.0,0.0,0.0,0.2222222222222222,0.1111111111111111,0.0,0.0,0.0,0.2222222222222222,7.2,,1647.0,152.0,1.0,0.0,0.0
319,0.0,0.0,0.0,0.0,0.0,0.0,0.0,0.0,0.0,0.0,0.0,0.21052631578947367,0.21052631578947367,0.0,0.0,0.0,0.0,0.0,0.21052631578947367,0.15789473684210525,0.0,0.0,0.0,0.21052631578947367,7.2,,1708.0,150.0,1.0,0.0,0.0
320,0.0,0.0,0.0,0.0,0.0,0.0,0.0,0.0,0.0,0.0,0.0,0.2,0.2,0.0,0.0,0.0,0.0,0.0,0.2,0.2,0.0,0.0,0.0,0.2,7.1,,1786.0,149.0,1.0,0.0,0.0
321,0.0,0.0,0.0,0.0,0.0,0.0,0.0,0.0,0.0,0.0,0.0,0.18181818181818182,0.18181818181818182,0.0,0.0,0.0,0.0,0.0,0.18181818181818182,0.2727272727272727,0.0,0.0,0.0,0.18181818181818182,7.1,,1735.0,147.0,1.0,0.0,0.0
322,0.0,0.0,0.0,0.0,0.0,0.0,0.0,0.0,0.0,0.0,0.0,0.16666666666666666,0.16666666666666666,0.0,0.0,0.0,0.0,0.0,0.16666666666666666,0.3333333333333333,0.0,0.0,0.0,0.16666666666666666,7.0,,1538.0,146.0,1.0,0.0,0.0
323,0.0,0.0,0.0,0.0,0.0,0.0,0.0,0.0,0.0,0.0,0.0,0.14285714285714285,0.14285714285714285,0.0,0.0,0.0,0.0,0.0,0.14285714285714285,0.42857142857142855,0.0,0.0,0.0,0.14285714285714285,6.9,,1418.0,143.0,1.0,0.0,0.0
324,0.0,0.0,0.0,0.0,0.0,0.0,0.0,0.0,0.0,0.0,0.0,0.25,0.25,0.0,0.0,0.0,0.0,0.0,0.25,0.0,0.0,0.0,0.0,0.25,7.3,,1592.0,155.0,1.0,0.0,0.0
325,0.0,0.0,0.0,0.0,0.0,0.0,0.0,0.0,0.0,0.0,0.0,0.0,0.25,0.0,0.0,0.0,0.0,0.25,0.25,0.25,0.0,0.0,0.0,0.0,9.2,,1092.0,106.0,1.0,0.0,0.0
326,0.0,0.0,0.0,0.0,0.0,0.0,0.0,0.0,0.0,0.0,0.0,0.0,0.25,0.0,0.0,0.0,0.0,0.25,0.0,0.25,0.25,0.0,0.0,0.0,12.9,492.0,1530.0,208.0,1.0,0.0,0.0
327,0.0,0.0,0.0,0.0,0.0,0.0,0.0,0.0,0.0,0.0,0.0,0.0,0.2,0.0,0.0,0.0,0.0,0.2,0.2,0.2,0.2,0.0,0.0,0.0,11.1,447.0,1420.0,,0.0,0.0,1.0
328,0.0,0.0,0.0,0.0,0.0,0.0,0.0,0.0,0.0,0.0,0.0,0.0,0.30303030303030304,0.0,0.0,0.0,0.0,0.0,0.30303030303030304,0.09090909090909091,0.0,0.0,0.0,0.30303030303030304,6.5,,866.0,,1.0,0.0,0.0
329,0.0,0.0,0.0,0.0,0.0,0.0,0.0,0.0,0.0,0.0,0.0,0.04166666666666667,0.4166666666666667,0.0,0.0,0.0,0.0,0.0,0.4166666666666667,0.125,0.0,0.0,0.0,0.0,6.6,,932.0,,1.0,0.0,0.0
330,0.0,0.0,0.0,0.0,0.0,0.0,0.0,0.0,0.0,0.0,0.0,0.11538461538461538,0.3846153846153846,0.0,0.0,0.0,0.0,0.0,0.3846153846153846,0.11538461538461538,0.0,0.0,0.0,0.0,6.8,,1312.0,,1.0,0.0,0.0
331,0.0,0.0,0.0,0.0,0.0,0.0,0.0,0.0,0.0,0.0,0.0,0.17857142857142858,0.35714285714285715,0.0,0.0,0.0,0.0,0.0,0.35714285714285715,0.10714285714285715,0.0,0.0,0.0,0.0,6.9,,1301.0,,1.0,0.0,0.0
332,0.0,0.0,0.0,0.0,0.0,0.0,0.0,0.0,0.0,0.0,0.0,0.2333333333333333,0.3333333333333333,0.0,0.0,0.0,0.0,0.0,0.3333333333333333,0.09999999999999999,0.0,0.0,0.0,0.0,7.1,,1436.0,,1.0,0.0,0.0
333,0.0,0.0,0.0,0.0,0.0,0.0,0.0,0.0,0.0,0.0,0.0,0.30303030303030304,0.30303030303030304,0.0,0.0,0.0,0.0,0.0,0.30303030303030304,0.09090909090909091,0.0,0.0,0.0,0.0,7.3,,1455.0,,1.0,0.0,0.0
334,0.0,0.0,0.0,0.0,0.0,0.0,0.0,0.0,0.0,0.0,0.0,0.3611111111111111,0.2777777777777778,0.0,0.0,0.0,0.0,0.0,0.2777777777777778,0.08333333333333333,0.0,0.0,0.0,0.0,7.4,,1603.0,,1.0,0.0,0.0
335,0.0,0.0,0.0,0.0,0.0,0.0,0.0,0.0,0.0,0.0,0.0,0.39473684210526316,0.2631578947368421,0.0,0.0,0.0,0.0,0.0,0.2631578947368421,0.07894736842105263,0.0,0.0,0.0,0.0,7.5,,1576.0,,1.0,0.0,0.0
336,0.0,0.0,0.0,0.0,0.0,0.0,0.0,0.0,0.0,0.0,0.0,0.0,0.25,0.0,0.0,0.0,0.0,0.0,0.25,0.25,0.0,0.0,0.0,0.25,6.5,,1104.0,,1.0,0.0,0.0
337,0.0,0.0,0.0,0.0,0.0,0.0,0.0,0.0,0.0,0.0,0.0,0.0,0.25,0.0,0.0,0.0,0.0,0.0,0.25,0.25,0.0,0.0,0.0,0.25,6.5,335.0,1105.0,104.0,1.0,0.0,0.0
338,0.0,0.0,0.0,0.0,0.0,0.0,0.0,0.0,0.0,0.0,0.0,0.0,0.2,0.0,0.0,0.0,0.0,0.0,0.2,0.4,0.0,0.0,0.0,0.2,6.4,304.0,918.0,109.0,1.0,0.0,0.0
339,0.0,0.0,0.0,0.125,0.125,0.125,0.125,0.0,0.0,0.0,0.0,0.0,0.0,0.125,0.0,0.0,0.0,0.0,0.125,0.125,0.0,0.0,0.0,0.125,7.1,680.0,,168.0,0.0,0.0,1.0
340,0.0,0.0,0.0,0.125,0.125,0.0,0.125,0.0,0.0,0.0,0.0,0.125,0.0,0.125,0.0,0.0,0.0,0.0,0.125,0.125,0.0,0.0,0.0,0.125,7.3,850.0,,193.0,0.0,0.0,1.0
341,0.0,0.0,0.0,0.14285714285714285,0.0,0.14285714285714285,0.14285714285714285,0.0,0.0,0.0,0.0,0.0,0.0,0.14285714285714285,0.0,0.0,0.0,0.0,0.14285714285714285,0.14285714285714285,0.0,0.0,0.0,0.14285714285714285,7.1,630.0,,,0.0,0.0,1.0
342,0.0,0.0,0.0,0.25,0.0,0.0,0.25,0.0,0.0,0.0,0.0,0.0,0.0,0.25,0.0,0.0,0.0,0.0,0.0,0.25,0.0,0.0,0.0,0.0,7.8,238.0,,187.0,0.0,1.0,0.0
343,0.0,0.0,0.0,0.23809523809523808,0.0,0.0,0.23809523809523808,0.0,0.0,0.0,0.0,0.047619047619047616,0.0,0.23809523809523808,0.0,0.0,0.0,0.0,0.0,0.23809523809523808,0.0,0.0,0.0,0.0,8.0,267.0,,,0.0,0.0,1.0
344,0.0,0.0,0.0,0.22727272727272727,0.0,0.0,0.22727272727272727,0.0,0.0,0.0,0.0,0.09090909090909091,0.0,0.22727272727272727,0.0,0.0,0.0,0.0,0.0,0.22727272727272727,0.0,0.0,0.0,0.0,8.1,402.0,,,0.0,0.0,1.0
345,0.0,0.0,0.0,0.2173913043478261,0.0,0.0,0.2173913043478261,0.0,0.0,0.0,0.0,0.13043478260869565,0.0,0.2173913043478261,0.0,0.0,0.0,0.0,0.0,0.2173913043478261,0.0,0.0,0.0,0.0,8.2,557.0,,,0.0,0.0,1.0
346,0.0,0.0,0.0,0.20833333333333334,0.0,0.0,0.20833333333333334,0.0,0.0,0.0,0.0,0.16666666666666669,0.0,0.20833333333333334,0.0,0.0,0.0,0.0,0.0,0.20833333333333334,0.0,0.0,0.0,0.0,8.3,606.0,,,0.0,0.0,1.0
347,0.0,0.0,0.0,0.2,0.0,0.0,0.2,0.0,0.0,0.0,0.0,0.2,0.0,0.2,0.0,0.0,0.0,0.0,0.0,0.2,0.0,0.0,0.0,0.0,8.4,625.0,,,0.0,0.0,1.0
348,0.0,0.0,0.0,0.1923076923076923,0.0,0.0,0.1923076923076923,0.0,0.0,0.0,0.0,0.1923076923076923,0.0,0.23076923076923075,0.0,0.0,0.0,0.0,0.0,0.1923076923076923,0.0,0.0,0.0,0.0,8.4,602.0,,,0.0,0.0,1.0
349,0.0,0.0,0.0,0.18518518518518517,0.0,0.0,0.18518518518518517,0.0,0.0,0.0,0.0,0.18518518518518517,0.0,0.25925925925925924,0.0,0.0,0.0,0.0,0.0,0.18518518518518517,0.0,0.0,0.0,0.0,8.5,538.0,,,0.0,0.0,1.0
350,0.0,0.0,0.0,0.17857142857142858,0.0,0.0,0.17857142857142858,0.0,0.0,0.0,0.0,0.17857142857142858,0.0,0.28571428571428575,0.0,0.0,0.0,0.0,0.0,0.17857142857142858,0.0,0.0,0.0,0.0,8.5,520.0,,,0.0,0.0,1.0
351,0.0,0.0,0.0,0.1724137931034483,0.0,0.0,0.1724137931034483,0.0,0.0,0.0,0.0,0.1724137931034483,0.0,0.3103448275862069,0.0,0.0,0.0,0.0,0.0,0.1724137931034483,0.0,0.0,0.0,0.0,8.5,510.0,,,0.0,0.0,1.0
352,0.0,0.0,0.0,0.16666666666666666,0.0,0.0,0.16666666666666666,0.0,0.0,0.0,0.0,0.16666666666666666,0.0,0.3333333333333333,0.0,0.0,0.0,0.0,0.0,0.16666666666666666,0.0,0.0,0.0,0.0,8.5,382.0,,,0.0,0.0,1.0
353,0.0,0.0,0.0,0.14285714285714285,0.0,0.0,0.14285714285714285,0.0,0.0,0.0,0.0,0.14285714285714285,0.0,0.14285714285714285,0.0,0.0,0.0,0.0,0.14285714285714285,0.14285714285714285,0.0,0.0,0.0,0.14285714285714285,7.3,790.0,,,0.0,0.0,1.0
354,0.0,0.0,0.0,0.0,0.0,0.16666666666666666,0.16666666666666666,0.0,0.0,0.0,0.0,0.0,0.0,0.16666666666666666,0.0,0.0,0.0,0.0,0.16666666666666666,0.16666666666666666,0.0,0.0,0.0,0.16666666666666666,6.8,590.0,,142.0,0.0,0.0,1.0
355,0.0,0.0,0.0,0.125,0.125,0.125,0.125,0.0,0.0,0.0,0.125,0.0,0.0,0.125,0.0,0.0,0.0,0.0,0.125,0.125,0.0,0.0,0.0,0.0,7.3,,1312.0,74.0,0.0,0.0,1.0
356,0.16666666666666666,0.0,0.0,0.0,0.0,0.0,0.16666666666666666,0.0,0.0,0.0,0.0,0.0,0.0,0.16666666666666666,0.0,0.0,0.0,0.0,0.16666666666666666,0.16666666666666666,0.0,0.0,0.0,0.16666666666666666,5.9,800.0,,132.0,1.0,0.0,0.0
357,0.0,0.0,0.0,0.0,0.0,0.0,0.0,0.0,0.0,0.0,0.0,0.23529411764705882,0.23529411764705882,0.0,0.0,0.0,0.0,0.23529411764705882,0.058823529411764705,0.0,0.23529411764705882,0.0,0.0,0.0,,478.3,1109.0,,1.0,0.0,0.0
358,0.0,0.0,0.0,0.0,0.0,0.0,0.0,0.0,0.0,0.0,0.0,0.2222222222222222,0.2222222222222222,0.0,0.0,0.0,0.0,0.2222222222222222,0.1111111111111111,0.0,0.2222222222222222,0.0,0.0,0.0,,481.2,1211.0,,1.0,0.0,0.0
359,0.0,0.0,0.0,0.0,0.0,0.0,0.0,0.0,0.0,0.0,0.0,0.21052631578947367,0.21052631578947367,0.0,0.0,0.0,0.0,0.21052631578947367,0.15789473684210525,0.0,0.21052631578947367,0.0,0.0,0.0,,495.6,1305.0,,1.0,0.0,0.0
360,0.0,0.0,0.0,0.0,0.0,0.0,0.0,0.0,0.0,0.0,0.0,0.2,0.2,0.0,0.0,0.0,0.0,0.2,0.2,0.0,0.2,0.0,0.0,0.0,,507.5,1455.0,,1.0,0.0,0.0
361,0.2222222222222222,0.0,0.0,0.0,0.2222222222222222,0.0,0.2222222222222222,0.0,0.0,0.0,0.0,0.1111111111111111,0.0,0.2222222222222222,0.0,0.0,0.0,0.0,0.0,0.0,0.0,0.0,0.0,0.0,,623.7,1914.1,,0.0,0.0,1.0
362,0.21052631578947367,0.0,0.0,0.0,0.21052631578947367,0.0,0.21052631578947367,0.0,0.0,0.0,0.0,0.10526315789473684,0.0,0.21052631578947367,0.0,0.0,0.0,0.0,0.05263157894736842,0.0,0.0,0.0,0.0,0.0,,712.0,2161.7,,0.0,0.0,1.0
363,0.2040816326530612,0.0,0.0,0.0,0.2040816326530612,0.0,0.2040816326530612,0.0,0.0,0.0,0.0,0.1020408163265306,0.0,0.2040816326530612,0.0,0.0,0.0,0.0,0.08163265306122448,0.0,0.0,0.0,0.0,0.0,,731.9,2185.1,,0.0,0.0,1.0
364,0.2,0.0,0.0,0.0,0.2,0.0,0.2,0.0,0.0,0.0,0.0,0.1,0.0,0.2,0.0,0.0,0.0,0.0,0.1,0.0,0.0,0.0,0.0,0.0,,751.7,2228.7,,0.0,0.0,1.0
365,0.19607843137254904,0.0,0.0,0.0,0.19607843137254904,0.0,0.19607843137254904,0.0,0.0,0.0,0.0,0.09803921568627452,0.0,0.19607843137254904,0.0,0.0,0.0,0.0,0.11764705882352941,0.0,0.0,0.0,0.0,0.0,,756.1,1314.5,,0.0,0.0,1.0
366,0.19047619047619047,0.0,0.0,0.0,0.19047619047619047,0.0,0.19047619047619047,0.0,0.0,0.0,0.0,0.09523809523809523,0.0,0.19047619047619047,0.0,0.0,0.0,0.0,0.14285714285714285,0.0,0.0,0.0,0.0,0.0,,766.2,618.8,,0.0,0.0,1.0
